标题,发布时间
山东电子职业技术学院2022年符合高校推荐专升本报名条件的学生名单公示,【时间：2022-02-17】
山东电子职业技术学院2022-2023学年食堂大宗原材料供货资格招标-结果公告,【时间：2022-07-10】
山东电子职业技术学院“2022-2023学年食堂大宗原材料供货资格”招标公告（二次）,【时间：2022-07-16】
山东电子职业技术学院 2022-2023 学年食堂大宗原材料供货资格（二次）结果公告,【时间：2022-08-10】
山东电子职业技术学院2023年符合专升本考试校荐报名资格学生名单公示,【时间：2023-02-27】
关于成人高等学历继续教育2023级张楠楠等18名新生视为自动放弃入学资格的公示,【时间：2023-04-21】
山东电子职业技术学院“接诉即办”工作明白纸,【时间：2023-04-25】
山东电子职业技术学院2023年成人高等学历继续教育招生简章,【时间：2023-08-06】
关于公布实习问题申诉渠道的通知,【时间：2023-08-28】
关于2023年下半年全国大学英语四六级考试报名工作的紧急提醒,【时间：2023-09-14】
山东电子职业技术学院关于成人高等教育缴费的声明,【时间：2023-12-26】
山东电子职业技术学院2024年专升本考试省外建档立卡家庭考生名单公示,【时间：2024-01-14】
山东电子职业技术学院2024年专升本考试校荐资格学生名单公示,【时间：2024-02-11】
关于高等学历继续教育2024级放弃入学资格学生名单的公示,【时间：2024-05-07】
山东电子职业技术学院2025年专升本考试校荐资格学生名单公示,【时间：2025-02-05】
山东电子职业技术学院新学期校历,【时间：2025-02-07】
山东电子职业技术学院2025年拟设高等学历继续教育校外教学点备案公示,【时间：2025-02-21】
山东电子职业技术学院 2025年公开招聘人员公告,【时间：2025-03-19】
山东电子职业技术学院 2025年公开招聘人员公告（博士研究生岗位）,【时间：2025-03-19】
山东电子职业技术学院 关于招生咨询电话变更的公告,【时间：2025-04-08】
关于高等学历继续教育2025级放弃入学资格学生名单的公示,【时间：2025-04-27】
山东电子职业技术学院高等学历继续教育2024年录取申请投档照顾考生信息公示,【时间：2025-04-28】
