标题,发布时间,内容,浏览量,来源列表页,链接
,,,,26,https://www.suet.edu.cn/xxyw.htm
我校荣获2019“黄炎培杯”全国大学生投资理财技能大赛团体赛三等奖, 发布时间: 2019-11-18,"
11月16日，首届
“黄炎培杯”全国大学生投资理财技能大赛
在浙江金融职业学院
落下帷幕
。
由
我校工商管理学院
执行院长
刘杰、
副院长
毕春晖指导，
18
级
会计
3班
王丽丽、任红玉、李姝琦
三名学生
组成的山东工程一队，从
163支队伍中脱颖而出，挺进全国决赛，通过现场答辩环节的激烈竞逐，最终以优异成绩荣获团队赛三等奖
。
“黄炎培杯”全国大学生投资理财技能大赛由中华职业教育社主办
，
是一个职业技能与生活技能兼顾、面向全国应用型本科、职业（高职、中职）院校适龄学生的财经商贸类赛事。
本次
大赛自
9月16日启动以来，全国共有60所本科，133所职业院校报名参加比赛，其中团体赛参赛队伍163队，个人赛参赛人数12084人。自赛事启动以来，学校高度重视，在学校教务处的
领导
下，
工商管理学院参赛师生
认真探究、刻苦训练，在比赛中稳扎稳打，不骄不馁，取得了优异成绩。
工商管理学院高度重视各类专业技能竞赛
,坚持“以赛促教、以赛促学、以赛促知”。
通过
此次
全国性理财技能大赛
，对外
展示了我校学子的投资理财技能、金融风险防范能力以及团队协作精神。
作者：工商管理学院

郭小凡

编辑：赵珣

编审：汪少龙
",,25,https://www.suet.edu.cn/info/1026/2504.htm
我校举办青年马克思主义者培养工程第一期团学骨干培训班, 发布时间: 2019-11-12,"
11
月
9日
上
午，我校
青年马克思主义者培养工程第一期团学骨干培训班
第一讲在
大学生活动中心
开讲。本次培训对象为我校
50余名优秀团学干部，
由副校长李梅松及团委书记王斌担任主讲老师。
第一讲
“团学干部的素质与能力提升”由
李梅松副校长
主讲
，
他
从
“学生干部的作用、定位、工作原则以及工作方法”等几个方面进行了
讲解
。
李梅松
指出
，
学生干部是贯彻落实学校各项工作的桥梁纽带，是建设校园文化的重要队伍。
他同时
指出
了
学生干部普遍存在的一些问题：缺乏创新意识、工作热情的阶段性以及部分学生干部的成绩有待提高。
在谈
到
如何更好地开展
工作时
，李梅松强调，
要将理论与实践相结合、服务同学与发展自身相结合、继承与创新相结合
，依
靠积极分子推进工作
，
实行目标管理
，
引入激烈的竞争。
他采用课堂互动、小组活动等引导式的授课方式，带领团学干部们自主探究，互动性强，取得良好效果。
据悉，
本次培训将持续
4
天，共分
8
讲
，
以
“不忘初心，牢记使命”为主题，
以
理论培训、素质拓展、
行动导向教学、课堂反转、角色扮演、情景模拟为教
学形式
，
深入学习马克思主义理论，深入学习贯彻习近平总书记系列讲话精神，并就如何做好新时期高校团学工作进行讨论交流。下一步将以各学院为单位进行轮训。
我校一直以来注重团学干部的培养，
加强团干部培训，
大胆创新培训模式
。
实施青年马克思主义者培养工程，目的是要坚持不懈地用马克思主义中国化的最新成果武装青年，通过教育培训和实践锻炼等方式，提高大学生骨干、团干部、青年知识分子等青年群体的思想政治素质、政策理论水平、创新能力、实践能力和组织协调能力，使他们进一步坚定跟党走中国特色社会主义道路的信念，成长为中国特色社会主义事业的合格建设者和可靠接班人。
作者：团委

皮娜

编辑：赵珣

编审：汪少龙



",,24,https://www.suet.edu.cn/info/1026/2511.htm
中华职教社“社员之家”授牌仪式在我校举行, 发布时间: 2019-10-31,"
10月
31
日上午，中华职教社
“社员之家”在我校成立，并举行授牌仪式。省中华职教社专职秘书长孙大川、秘书处二级主任科员杨晓宁，学校校长吴梦军、副校长李梅松及有关部门负责人及社员出席仪式，仪式由李梅松副校长主持。
首先，吴梦军校长从学校历史沿革、产教融合校企合作、
“对标、优化、整合、提升”试点工作思路等多方面介绍了学校办学情况，并对省职教社长期以来对我校的指导和帮助表示感谢。孙秘书长对学校近年来的跨越式发展给予充分肯定，并介绍了中华职教社“统战性、教育性、民间性”的特色和优势，以及下一步职教社工作思路，即加强职教社基层组织建设、深耕基层，与各职业院校联合行动起来，积极宣传国家有关职业教育、民办教育的方针政策，加强社员小组队伍建设；积极开展职业教育、民办教育的调查研究和黄炎培职业教育思想研究，积极建言献策，不断提高工作水平，推动共同发展。
随后，省中华职教社为我校授牌，孙秘书长和吴校长共同为中华职教社
“社员之家”揭牌。省职教社为“社员之家”捐赠了相关资料，与会人员共同参观了“社员之家”。
中华职教社作为统战工作的重要载体，为职业院校搭建了与政府、企业、行业协会广泛交流与合作的有益平台。我校作为中华职教社会员单位，先后荣获
“山东省创新创业学院”、“山东省黄炎培职业教育奖创新创业大赛优秀组织奖”等称号，校长吴梦军先后当选
山东省中华职教社第二届社务委员会副主任
、
中华职教社第十二届理事会常务理事
等职务，并荣获第四届
“黄炎培职业教育杰出校长奖”。
学校将以成立社员小组为契机，以
“社员之家”为阵地，贯彻落实好习近平总书记对职业教育的重要指示精神，加强沟通与协作，不断深化产教融合、校企合作的广度和深度，朝着“高水平职业技术大学”的目标迈进，力争办学质量实现新的飞跃，为培养更多新时代大国工匠作出卓越贡献！
作者：党政办公室

王允芹

编辑：赵珣

编审：汪少龙
",,23,https://www.suet.edu.cn/info/1026/2523.htm
韩国嘉泉大学研究生院院长姜珉植一行来我校参观考察, 发布时间: 2019-10-22,"
10月21日上午，韩国嘉泉大学研究生院院长姜珉植一行五人
来我校参观考察
，副校长王守光
、
继续教育学院院长史守如、
校办公室
副主任张元、教务处副处长池光胜代表
我校热情接待了
韩国嘉泉大学代表团
一行
。
来宾们在校领导的陪同下参观了机械工程训练中心、鼎利学院
、交通工程训练中心、建筑工程学院、工商管理学院
等实验实训场所。
双方在卓越楼五楼第一会议室举行
交流会
，
副校长王守光就我校的历史沿革、校园建设、专业特色、发展规划、教学资源与办学成就向代表团进行详细介绍，同时希望两校在师生互访、学术交流、师资联合培养、合作办学等方面进行合作。姜珉植院长就嘉泉大学的办学理念、特色专业及国际交流情况做了简要介绍
，
希望与我校在国际交流项目中共同努力，开展教育文化交流与合作
。
双方
还
就两校进一步开展国际教育交流与合作等事项进行了深入的交流与探讨。
会
后，双方互赠礼品并合影留念。
作者：继续教育学院

李长青

编辑：赵珣

编审：汪少龙
",,22,https://www.suet.edu.cn/info/1026/2533.htm
我校理事长吴立春先生进京参加国庆70年华诞系列活动之三, 发布时间: 2019-09-30,"
9
月29日，中央统战部、全国人大华侨委员会、外交部、国务院侨办、全国政协港澳台侨委员会、致公党中央和中国侨联在京联合举行国庆招待会，全国政协副主席、致公党中央主席万钢出席并致辞。来自五大洲130多个国家和地区的约2300位海外侨胞、港澳同胞、台湾同胞和归侨侨眷代表应邀参加招待会。
按照“统一邀请、统一审核、统一部署、统一接待”的原则，此次受邀参加国庆70周年活动的海外侨胞代表由中央统战部会同中央其他涉侨部门按照严格程序进行推荐和遴选，应邀参加活动的代表包括知名侨领、侨商和高层次侨胞专业人士，涵盖经济科技、文化教育、医疗卫生、商业贸易等各个领域，体现出广泛的代表性。
在今天的招待会上，万钢指出，70年来，在中国共产党的领导下，中国国家面貌发生了翻天覆地的变化，经济持续快速发展，人民生活显著改善，综合国力和国际影响力大幅提升。中共十九大描绘了实现中华民族伟大复兴的恢弘蓝图，中华民族日益走近世界舞台中央。希望广大侨胞、港澳同胞、台湾同胞和归侨侨眷更加广泛深入参与中国新一轮改革开放和现代化建设，为国家经济实现高质量发展、为促进两岸和平统一和保持港澳繁荣稳定、为中国与世界各领域友好交流合作作出新的更大贡献。
中央统战部、全国人大华侨委员会、外交部、国务院侨办、全国政协港澳台侨委员会、致公党中央和中国侨联相关负责同志出席招待会。
编辑：赵珣   编审：魏本江
",,21,https://www.suet.edu.cn/info/1026/2543.htm
我校2019级新生健康普查工作顺利完成, 发布时间: 2019-09-23,"
9月
22
日至
23
日
，我校组织
2019级
全体
新生进行健康普查，
普查
项目包括：肝功能、内外科、五官科、
测
身高、
称
体重、
量
血压、拍胸片等。
至目前，我校
6500余名
新
生的健康普查
工作已经
顺利完成
。
为确保新生体检工作安全、有序开展，我校领导高度重视、统筹部署，安排学生工作处专门负责此次新生体检工作。学生工作处结合我校实际，对新生体检场地、秩序维护、体检注意事项、体检人数和分工等做了细致安排，提高新生体检服务质量，尽可能地为新生提供一个优质、高效、安全的体检环境。
针对
今年
体检的
学生
人数多
、类别多、项目多、耗时长的特点，学生工作处制定了应急预案，安排专人全程跟踪
。
同时，组织校自律会志愿者为新生体检提供引导
服务
，
使各环节运作紧凑，高效有序
。
各学院也安排辅导员在现场协助处理各种突发情况，保证了
新生体检流程顺畅。
下一步，学生工作处将及时对普查数据汇总、分析，并将普查结果反馈给学生，以便学生及时掌握自身健康状况。

作者：学生处

杨立超

编辑：赵珣

编审：汪少龙
",,20,https://www.suet.edu.cn/info/1026/2553.htm
我校开展“感念师恩，敬献鲜花”活动, 发布时间: 2019-09-11,"
9月10日上午，为庆祝35个教师节的来临，我校组织开展了“感念师恩，敬献鲜花”活动。
早上七点五十分，校学生联合会成员手里捧着鲜花来到校标广场，为走下班车的老师们献上鲜花与祝福。随后，团学干部代表来到学校领导、老师办公室，将美丽的鲜花和卡片献上并与各位领导老师合影留念。
本次活动是我校
“我和我的祖国”喜迎建国70周年主题系列活动之一，
我校学生联合会成员利用课余时间，通过绘画、书法、剪纸等，为教师制作贺卡和鲜花，作为教师节礼物，表达诚挚的感恩之情。
作者：团委

皮娜

编辑：赵珣

编审：汪少龙
",,19,https://www.suet.edu.cn/info/1026/2562.htm
我校参加山东省高校党的建设工作会议并作典型发言, 发布时间: 2019-08-22,"
近日，全省高校党的建设工作会议在济南召开。会议深入学习贯彻习近平新时代中国特色社会主义思想，贯彻落实全国教育大会精神、全国高校党的建设工作会议精神和省委部署要求，研究部署我省高校党的建设工作。省委常委、宣传部部长、省委教育工委书记关志鸥出席会议并讲话，省委教育工委常务副书记，省教育厅厅长、党组书记邓云锋主持会议。我校党委书记胡小林参加会议并作题为
“发挥党委政治引领作用，积极推进职业本科教育发展”的典型发言。
会议总结肯定今年以来全省高校党的建设工作，分析面临形势和任务，深入查摆在思想认识、责任落实、素质能力、改革创新等方面的突出问题，强调要提高政治站位，全面落实党建工作主体责任和
“一岗双责”，结合开展第二批“不忘初心、牢记使命”主题教育，奔着问题去、盯着问题改，切实提升高校党的建设工作水平。
会议要求，要聚焦高校高质量发展抓党建，着力推进高校改革创新，激发动力活力，走内涵式提升转型发展道路
;要着力加强“双一流”建设，引入竞争机制，统筹规划管理，争取更多高校、学科进入全国一流行列;要着力打造职业教育高地，抓住“部省共建山东国家职业教育改革先行区”的机遇，整体提质培优全省职业教育;要着力加强高校意识形态工作，建立完善风险防控体系，提高舆情应对处置能力，压紧压实意识形态工作责任制;要着力加强改进高校思想政治工作，提高思政课质量，健全思政工作队伍，用好红色文化资源，让红色基因代代相传;要着力推进全面从严治党，强化政治引领，持续正风肃纪，夯实基层基础，切实加强干部队伍建设，树立高校党员干部的良好形象。
胡小林书记在发言中指出，山东工程职业技术大学党委紧紧围绕全国职业教育改革的要求，坚持把政治建设摆在首位，落实立德树人根本任务，不断将党建优势转化为发展优势，推动职业本科教育健康发展。学校党委充分发挥政治引领作用，谋划职业本科教育发展，一是落实全国职业教育改革精神，从适应新旧动能转换、培养高素质技术技能人才出发，抓住政策机遇，积极谋划职业本科教育发展。二是明确民办高校党委政治定位，建立了校长治校、专家治学、民主监督、社会参与的内部治理结构。三是妥善解决民办高校党建与行政工作两张皮的现象。四是健全党组织参与决策和监督机制。五是进一步完善党组织工作机构。下一步，学校党委将全面落实全国、全省教育大会精神，扎实推进职业本科教育
,充分调动各方面积极性，将党建工作转换成学校发展的动力。一是学校党委发挥政治引领作用，努力做到“把方向，出主意，抓落实，促发展”；二是将党的建设落实到学校事业发展的具体工作中，党建引领，形成合力，以党建推动行政工作和教学工作；三是进一步加强和改进意识形态工作，创新活动载体，加强阵地管理，把握正确导向。校党委将以饱满的热情，踏实的工作、创新的思维，把学校建成名副其实的职业技术大学，早日实现由“全国试点”向“全国示范”的跨越。
省委组织部、省委宣传部有关负责同志，省教育厅（省委教育工委）领导班子成员，全省本科高校党委书记、校长，高职高专院校、民办高校党委书记等参加会议。
作者：
组织统战部

张彦卿
编辑：赵珣   编审：魏本江
",,18,https://www.suet.edu.cn/info/1026/2573.htm
山东工程职业技术大学特色专科专业介绍——汽车工程学院新能源汽车技术, 发布时间: 2019-08-09,"
1.
培养目标
本专业主要培养汽车新能源技术应用方面的高素质技术技能型人才。培养具备良好的职业道德素质，科学文化素质，职业技能素质，掌握新能源汽车技术应用必备的基础理论和专业知识，能从事新能源汽车制造企业生产技术管理，产品开发调试、汽车
4S店及维修企业技术服务等方面工作的高素质技术技能人才。
2.
主要课程
汽车构造，新能源汽车电机及其控制技术，动力电池管理及维护技术，电动汽车电气系统检修，汽车电子控制原理与技术应用，电动汽车车身电控系统检修，电动汽车舒适及安全系统检修，电动汽车充电站及管理技术，新能源汽车技术性能检验等课程。
3.
就业岗位
新能源汽车制造（含零部件制造）企业产品开发与实验
；
新能源汽车制造（含零部件制造）企业生产线及技术管理
；
汽车
S店新能源汽车营销与技术服务
；
共享新能源汽车技术管理与服务
；
汽车保险与理赔
。

",,17,https://www.suet.edu.cn/info/1026/2585.htm
山东工程职业技术大学特色专科专业介绍——鼎利（互联网+）学院移动通信技术, 发布时间: 2019-08-03,"
1.
培养目标
本专业培养具备从事通信施工项目设计、安装与调试、运行与维护等能力，能够胜任移动通信工程与监理工程师、移动通信网络优化工程师、移动通信技术支持等工作岗位的高层次技术技能人
才。
2.
主干课程
计算机组网技术、应用电子信息技术基础、现代移动通信原理与交换技术、通信电路检测与调试、数据库应用基础

、工业通信工程应用技术、
LTE网络原理与组网 、4G基站设备与工程实施 、移动通信天线技术与工程应用、LTE网络测试与网络优化。
3.
实训条件
设有移动通信平台运营维护实训中心和移动通信网络优化实训中心。移动通信平台运营维护实训中心设有
20个标准化工位，配置了室外基站、室内分布系统、无线网络数据分析及案例系统、楼宇覆盖场景、山区通信覆盖场景、小区通信覆盖场景、基站仿真实训场景、通信工程模拟实训场景等系统。能够满足移动通信技术专业宽带交换技术、交换网优化技术、通信工程项目管理、通信工程勘察设计与预算、通信基站设备调试与维护等骨干核心课程的实训。
移动通信网络优化实训中心设有
50个标准化工位，设有网络管理指挥中心和网络优化实训区，配置了笔记本、手机、便携式多网测试系统、自动路测采集单元并安装了无线网络数据分析及案例系统、统一数据管理平台、室内外定点监测单元和自动路测采集单元等。能够满足无线网络测试分析、统一数据管理平台、自动路测采集、室内定点监测、便携式无线网络测试等专业核心课程的实训工作。
4.
优势特色
实训教学采购了华为的移动设备，充分发挥校企合作优势，在校内按照行业标准，建立了真实的实训环境
，
实现了实训课程与工作岗位对接、实训内容与工作内容对接。引入真实项目，依托真实的实训环境，通过项目驱动的教学模式，加强学生创新创业能力培养。教学过程企业全程参与，专业核心课程由企业安排具备丰富行业工作经验的企业工程师担任；积极探索
“1+X”证书制度，把证书课程纳入教学体系。
",,16,https://www.suet.edu.cn/info/1026/2593.htm
用爱培育爱、激发爱、传播爱, 发布时间: 2019-07-22,"
李传红，
2007年毕业于山东建筑大学， 2007年8月至今于山东
工程职业技术大学
从事教学和
教学管理
等方面工作，
现任建筑工程学院副院长。她入职以来，
不断加强职业道德修养，在工作上努力起模范带头作用。在校领导的正确领导下，按照学校年度工作计划和学期工作安排，团结带领
建筑工程学院
教职员工，
以
饱满的工作热情和积极的工作态度，保证各项工作全方位地为学校教育教学服务、为全体师生员工服务。
一、思想上自觉把党的教育方针贯彻到教学管理
的
全过程
李传红
老师认真学习党和国家有关教育改革发展的文件，
深刻学习领会《中共中央、国务院关于深化教育改革全面推进素质教育的决定》、《国务院关于职业教育改革的实施意见》、《国家教育现代化
2035》等系列文件精神，坚持德育为先，始终同党和人民站在一起，自觉做中国特色社会主义的坚定信仰者和忠实实践者，忠诚党和人民的教育事业，自觉把党的教育方针贯彻到教学管理工作全过程；弘扬社会主义核心价值观，以提高学生综合素质、促进学生健康成长作为出发点和落脚点，积极引导学生热爱祖国、热爱人民、热爱中国共产党。老师是学生道德修养的镜子。好老师应该取法乎上、见贤思齐，不断提高道德修养，提升人格品质，并把正确的道德观传授给学生。争做中国特色社会主义共同理想和中华民族伟大复兴中国梦的积极传播者，帮助学生筑梦、追梦、圆梦，以实际行动诠释教书育人。
二、执着于教书育人，热爱教育事业
她始终
坚持以教学为中心，以提高日常教育教学质量为重点，不断加强有效教学行为的研究，加强教学常规管理，切实提升教师的专业水平，提高学生的学习能力。
为促进学院教育教学质量的稳步提高，制定了院级领导听课制度和教研活动制度。
她积极
落实
08-16级各专业学生的顶岗实习和毕业实习任务
。她
给
11级学生造价班3名学生联系实习单位两家，学生及时
向她汇报
单位的工作情况，
与
学生建立的良好的关系
，
有两名
学生
毕业后留在实习单位工作
。有一名姓
路
的同学，
家庭贫困，平时不爱言语
，
她多次
找她
谈话交流，
使她
变得开朗了很多，毕业后安排在工地做结算工作，现在已经有了自己的小家庭，生活很幸福。
她
结合学生在学习上存在的问题，及时召开师生交流会，为广大学生答疑解
惑。
爱是永恒的话题，教师对学生的爱更是一种把全部心灵和才智献给孩子们的真诚。这种爱是无私的，它要毫无保留的献给所有学生
;这种爱是深沉的，它蕴含在为所有学生做的每一件事当中;这种爱是神圣的，它融成水乳交融的情谊。用爱赢得了学生的尊重
和
家长的信任
，获得领导和老师的良好评价，她
连续
5年被评为校级“优秀教职工”。
三、用爱培育爱、激发爱、传播爱
她
热爱教育事业，热爱孩子，主动经常弯下身与孩子沟通交流，愿意与孩子成为朋友，建立起平等和谐的师生关系，遇事冷静，不随便发怒，不以威压人，处事公平合理，不抱偏见，对所有的孩子一视同仁，树立较高的威信。
她
能够在各个方面给学生以帮助和指导，把自己的温暖和情感倾注到每一个学生身上；尊重学生，用欣赏增强学生的信心，用信任树立学生的自尊，让每一个学生都健康成长，让每一个学生都享受成功的喜悦，得到了学生的尊敬和爱戴。
四、教学能力过硬，教学效果和人才培养成绩显著
在
完成日常教学和管理工作的同时，李传红
老师
不断提高自己的业务水平，知识功底扎实
。她坚持
勤读书，多读书，不断提高教学能力、勤勉教学态度、创新科学的教学方法
。
积极参与教学科研质量工程建设，
2015-2019年建设并结项省级教改项目1项；2014-2016年完成了山东省建筑类品牌专业群的建设及结项工作；2015年建设了省级建筑类品牌专业群教学团队1个；2016年建设了山东省省级精品资源课《混凝土结构工程施工》1门，近几年，完成和在研省级教研、科研课题7项；主编和参编出版教材4部；发表教科研论文12余篇；获得专利2项；2017年获得省级工法1项。组织学生参加技能大赛，并取得
优异
成绩
。
省级鲁班杯和招投标模拟大赛荣获省级二等奖，在竞赛的前一天，学生张
同学
紧张过度，出现了不敢去竞赛的情况，
她
及时疏导
鼓励对方
，给予大姐姐般的关怀，才顺利完成了竞赛。带领学生
参加
第十三届山东省大学生科技文化艺术节
“大学生测量技能”
大赛并获
优秀奖；带领学生参加
2014年全国识图竞赛，荣获省级“优秀组织奖”
。
作者：建筑工程学院

宣传处

编辑：赵珣

编审：魏本江

",,15,https://www.suet.edu.cn/info/1026/2604.htm
西南科技大学城市学院鼎利学院副院长罗勇一行来我校考察调研, 发布时间: 2019-07-12,"
7
月
12
日
上午
，
西南科技大学城市学院鼎利学院副院长罗勇一行
7
人
来
我校考察
调研
。学校
副校长李梅松
等领导热情接待了
罗勇副院长
一行。
来宾们在校领导的陪同下参观了
土木工程训练中心、汽车工程训练中心、机械工程训练中心、鼎利学院、甲骨文
IT云教育中心、E时代创客中心
等实验实训
场所
。
两校鼎利学院均与世纪鼎利集团进行校企深度合作办学，在产教协同育人方面
有异曲同工之妙，
罗勇副院长对我校鼎利学院的先进设备和独特的
UBL人才培养模式给予了高度评价。
随后，双方在卓越楼五楼第一会议室进行座谈交流，会议由李梅松副校长主持。会上，李梅松副校长就学校申本工作作经验介绍。他指出，申本这项系统工程是对学校的办学理念、办学条件、教学科研、师德师风、学风教风、管理水平、精神风貌等全方位考核和提升，从而全面推动学校进一步总结办学经验、明确办学定位、凝练办学特色、更新办学理念、规范办学行为。
从宏观层面上讲，申本工作应做到以下几项：
一是
科学规划、稳步施策，制定详细实施方案；二是
明确建设标准，确保各项办学条件达标或超标；三是根据各阶段任务，抢抓时间节点，完成预定目标；四是强化督查督办、形成完善的质量管控体系。
罗勇副院长对我校的热情接待表示感谢，并希望今后两校进一步
加强交流与协作，
共同探索产教融合校企合作新路径
。
作者：党政办公室

王允芹

编辑：赵珣

编审：汪少龙
",,14,https://www.suet.edu.cn/info/1026/2611.htm
我校召开2018年度职称评审工作会议, 发布时间: 2019-07-05,"
7月4日上午，我校专业技术职务高级评审委员会在卓越楼五楼第二会议室召开会议，对我校2018年度参加申报专业技术职务资格且通过学科组评审的教师进行资格评审。
本次会议由
学校
高评委副主任委员
、党委书记
胡小林主持。会上，胡书记对职称评审工作的意义及要求作了详细阐述，学习了相关文件精神，并着重强调了评审纪律，要求各委员认真审阅评审材料，做到客观、公正、公平。与会委员仔细审阅了申报人的材料，充分肯定了教师的工作和教科研成果，并就每一位申报人的实际情况认真进行了讨论和评审，最后以不记名投票的方式评定了申报人的任职资格。
专业技术职务的评审是学校师资队伍建设的重要工作之一，学校职称评审委员会高度重视此次职称评审工作，指出了
2018年度职称评审工作存在的问题并对以后的工作提出了修改意见。学校将在充分调研和征求意见的基础上对职称政策和任职条件进行进一步修订，新的专业技术职务评审工作将会进一步完善、规范和提高。
作者：人事处

刘贤贤

编辑：赵珣

编审：汪少龙
",,13,https://www.suet.edu.cn/info/1026/2624.htm
山东工程职业技术大学本科专业介绍（五）——软件工程, 发布时间: 2019-07-02,"
软件工程
社会需求：
未来
5
至
10年，我国信息化人才总需求量高达1800万
至
2000万人。至2025年，新一代信息技术产业人才缺口将达950万人，其中“软件开发”、“网络工程”等人才的缺口最为突出，嵌入式开发人才缺口每年超过40万人。
培养目标：
了解软件工程学科的前沿技术和软件行业的发展动态，经过系统化的软件工程基本训练，具有参与实际软件开发项目的经历，具备作为软件工程师从事工程实践所需的专业能力；
能
够胜任软件工程技术研究、设计、开发、管理、服务等方面工作，具有良好的职业素质和创新精神的高层次技术技能人才。
主干课程：
数字逻辑、
C语言程序设计、面向对象程序设计、计算机网络技术、数据结构、操作系统、网页设计与制作、数据库开发技术、微机原理与接口、Java程序设计、软件工程与测试、软件项目管理、Android软件开发。
企业级
Java应用开发方向：PHP动态网站建设、Java技术高级应用、Java Web应用程序设计、Java手机应用程序设计。
Web前端应用开发方向：Web前端基础、JavaScript脚本核心技术、后台服务端技术、自动化集成工具与高级框架。
师资情况：
本专业现有专任教师
21人，其中，教授5人，副教授10人，高级职称占教师总人数的71.43%，具有硕士学位的14人，占66.67%，具有双师素质的教师15人，占71.43%，兼职教师9人，占教师总数的30%，是一支整体素质高、结构合理、业务过硬、具有创新精神的师资队伍。
实习实训条件：
本专业现有软件实验室、网络实验室、计算机基础实验室、电工技术实验室、计算机中心、数字多媒体实训室、移动应用开发实训中心和甲骨文
IT云教育中心等，设备总值3600余万，建筑面积4000余平米。
校企共建的校内人才培养基地：国家工业和信息化部电子行业特有工种职业技能鉴定实训基地、全国工业和信息化人才培养综合服务平台认定评测中心（
ATC）、英特尔软件学院项目合作院校、“红帽软件（北京）公司”合作院校、济南同创唐朝信息科技有限公司现代学徒制校企合作单位、北京菜鸟在线教育科技有限公司移动互联网创新创业基地、济南知驭网络科技有限公司互联网+人才培养基地，已经实现了从基本技能实训、综合技能实训、生产性实训、校中厂的综合多元实训技能培养层级，保证学生在校内就可以实现企业级综合实战
教学。
",,12,https://www.suet.edu.cn/info/1026/2633.htm
我校党委隆重举行庆祝中国共产党成立98周年暨“七·一”表彰大会, 发布时间: 2019-06-27,"
在全党上下广泛开展
“不忘初心，牢记使命”主题教育之际，在中国共产党成立98周年之际，为进一步激发全校各级党组织和广大党员干事创业的积极性，表彰在学校事业发展中涌现出来的先进集体和
先进
个人，更好地发挥基层党组织的战斗堡垒作用和党员先锋模范作用，
6月27日，我校党委在党员活动室隆重举行庆祝中国共产党成立98周年暨“七·一”表彰大会，对3个先进党总支、5个先进党支部、15名优秀党务工作者、31名模范共产党员进行了表彰。
党委书记胡小林，党委副书记
、
校长吴梦军，副校长张有志、林玉贵、张诚、李章泉，党委委员、
校长
助理刘国栋，党委委员
、
组织统战部部长韩启斌，党委委员张娜
，
党委委员
、
组织统战部副部长张彦卿出席大会。各党总支、支部负责同志，全体党员，受表彰的
先进集体、先进个人
代表
，部分入党积极分子
共
160余人参加了大会。本次大会由党委委员、纪委副书记韩业文主持。
大会在庄严的国歌中拉开帷幕。首先，张彦卿同志宣读了《中共山东工程职业技术大学关于表彰先进基层党组织、优秀党务工作者、优秀共产党员的决定》，出席会议的领导为受表彰
的先进集体、先进个人
代表颁发了证书。先进党组织代表基础教学部第二党支部书记孙勇同志、优秀共产党员代表机械工程学院教师李海霞同志分别在大会上发言。随后，党委委员张娜领誓，全体与会人员庄严举起右手，面向鲜红的党旗，一起重温入党誓词，铭记入党初心。
接着，胡书记作重要讲话，他首先向取得优异成绩、受到表彰的先进党组织、优秀党务工作者、优秀共产党员表示诚挚的祝贺！同时，他希望受到表彰的同志们戒骄戒躁、再接再厉，持之以恒为学校发展做出更大的贡献，对学
校
党委近两年来取得的成绩作了总结，并提出了今后工作面临的任务和要求：第一
，
紧紧围绕
“培养什么样的人、怎样培养人、为谁培养人”这个根本性问题,持之以恒地抓好坚持办学的政治方向、建设高素质教师队伍、形成高水平人才培养体系这3项基础性工作,坚定不移地走内涵式发展道路。第二
，
要尽快完善大党建工作格局，以党建促进学校各项事业的发展。第三
，
充分发挥党组织的战斗堡垒作用和党员的先锋模范作用。胡书记强调学校正处在改革发展的关键时期，需要我们继续保持和发扬党的光荣传统和优良作风，充分发挥党组织和党员干部密切联系群众的优势，最大限度地调动全校师生员工工作和学习的积极性，弘扬
“志存高远，追求卓越”的校训精神，以饱满的热情，踏实的工作、创新的思维，凝心聚力为把学校建成在全省、全国有较高知名度和影响力的
高水平
职业技术大学而努力奋斗。
最后，大会在庄严的国际歌中落下帷幕。
作者：组织统战部

张彦卿

编辑：赵珣

编审：魏本江
",,11,https://www.suet.edu.cn/info/1026/2642.htm
我校召开人才引进工作调度会议, 发布时间: 2019-06-27,"
6月27日上午，我校在卓越楼五楼第一会议室召开人才引进工作调度会，会议由党委书记胡小林主持，副校长张有志、李章泉出席会议，人事处、教务处、科研处、学生处、党政办公室、各院（部）主要负责人参加会议。
会上，人事处负责人首先汇报了学校近期人才引进情况和我校在人才引进工作中存在的问题以及下一步学校人才引进工作的措施。各单位负责人也分别汇报了人才需求情况，特别是高层次人才引进计划、人才引进工作措施及存在的问题，并对人才引进、使用、培养、考核等工作提出建设性的意见和建议。
副校长张有志指出
，
人才引进工作是系统工程，要有顶层设计和长远规划，要在引进的基础上，注重师资培养、团队建设和科研水平提升。副校长李章泉
就
如何更好地留住人才、用好人才、培养人才以及办好职业本科的核心指标等方面提出
要求
。
胡小林书记在总结讲话中指出，此次会议是学校
更名
后首次召开的人才引进工作调度会，具有很强的现实意义，是学校升格为
“山东工程职业技术大学”，实施“人才强校”战略，确立人才队伍建设核心地位的起点。
各部门、各学院要
统一思想、积极行动，根据本科院校师资队伍建设要求，打好人才引进工作攻坚战，特别要配足配强各本科专业师资队伍。他强调
,人才关系到学校长远发展，关系到学校本科教学评估成功与否，关系到硕士点的申报。各单位对人才工作的认识要再提高
，
工作再落实，
指标
再向好。要把教学作为学校的生命线，教学质量是天，必须紧抓教学质量不放松。在各种成果上力求取得新突破，力求用三五年时间形成几个有突破的人才团队，使整体人才队伍不断壮大，质量不断提高。
作者：人事处

袁雨田

编辑：赵珣

编审：汪少龙
",,11,https://www.suet.edu.cn/info/1026/2643.htm
山东工程职业技术大学本科专业介绍（一）——机械设计制造及其自动化, 发布时间: 2019-06-29,"
机械设计制造及其自动化
社会需求：
机械设计制造及其自动化专业是我院首批设置的职业本科专业，学制四年。随着传统制造业的转型，以数字化、智能化为特点的高端装备作为新兴产业发展势头迅猛
，
在装备制造、新材料等重点领域，人才
缺口巨大
。
培养目标：
本专业面向高端装备制造业，培养思想政治坚定、德技并修、全面发展的，较好地掌握机械设计制造基础理论知识，掌握
CAD/CAM/CAE/CAPP/RE/RP（计算机辅助设计、制造、工程分析、工艺规划、逆向工程、快速成型）数字制造技术技能，了解机械工程领域的前沿信息和发展动态，能够胜任机械设备的数字设计、制造与3D打印方面的技术研究、设计开发、服务管理等工作，具有良好的职业素质和创新精神的高层次技术技能人才。
专业培养优势：
该专业现有教师
28人，专任教师21人，企业兼职教师7人。其中省级教学名师2人，教授5人，副教授10人，高工、技师7人。硕士学位14人。本专业教师取得省级教学成果一等奖1项、建成省级精品课程7门、省级特色专业1个、省级企校共建工科专业1个、省级教学团队1个、省级教学名师2名、省级技能名师1名、省市级资源共享课各1门。获得省高校科研一等奖1项、三等奖1项，省机械科技进步二等奖1项、三等奖1项，省机械工业论文一等奖1项；专利27项，技术服务18项。指导学生竞赛方面：获得国家级一等奖1项，二等奖5项，三等奖2项，省级一等奖30项，二等奖41项，三等奖33项
。
学院购置五轴加工中心、数控铣床、数控车床、快速成型机等生产型设备
350台，建成生产性工训中心及公差、机械基础、液压与气动等实验室。同时建成国家快速制造培训中心、国家数控技术培训中心、国家数字化技术培训基地、山东省高校工程技术研究中心、山东企业实训基地、济南智能制造专业性公共实训中心。为机械设计制造及其自动化专业的实践环节教学和科学研究奠定了良好的基础。
3D打印技术实训区
参加全国创新创业创效大赛荣获一等奖，图为比赛现场
",,11,https://www.suet.edu.cn/info/1026/2639.htm
山东工程职业技术大学本科专业介绍（二）——智能制造工程, 发布时间: 2019-06-29,"
智能制造工程
培养目标
：
主要面向智能控制、智能制造和高端装备制造业
培养
思想政治坚定、德技并修、全面发展的，较好地掌握机械设计、机械制造、智能控制及工业机器人等基础理论知识和技术技能，并了解机械工程领域的前沿信息和发展动态的高层次技术技能人才。
就业方向：
本专业学生毕业后要求能够胜任机电一体化设备（含工业机器人）的技术研究、操作运行、编程调试、安装维修、销售客服等方面工作，相关岗位有：机电
/机械工程师、电气工程师、机器人应用工程师、机器人机械工程师、机器人电气工程师、机器人销售工程师、机器人维护工程师及生产与管理等方面的工作。
专业培养优势：
教师
29人，其中，专任教师22人，企业兼职教师7人；教授5人，副教授8人，省级技能名师1人。教学方面，取得省级教学成果一等奖2项，省级特色专业1个，省级教学团队1个，省级品牌专业群1个；建成省级精品课程4门，省级企校共建工科专业1个。科研方面：获得省高校科研三等奖2项，省机械科技进步二等奖1项、三等奖2项，省机械工业论文二等奖1项、三等奖1项；专利20项，技术服务13项；主编教材5部；发表EI论文1篇，普刊论文25篇。指导学生竞赛方面：获得全国挑战杯一等奖1项；国家级二等奖8项，三等奖1项；省级一等奖28项，二等奖22项，三等奖36项。
学校
建有
12000平米生产性实训车间，购置
了
五轴联动加工中心、激光快速成型机等适用生产的
350余台设备，建设了规模适度、设备先进的“四真四化”的生产性实训车间。
工业机器人应用维护实训中心
快速制造技术教学团队部分教师合影



",,11,https://www.suet.edu.cn/info/1026/2640.htm
我校机械工程学院校企合作打造智能制造技术应用品牌专业群, 发布时间: 2019-06-29,"
全球制造业正加快迈向数字化、智能化时代，
我校机械工程学院紧跟时代步伐，
以智能制造产业链为依托，围绕智能制造技术应用生产流程面向的职业岗位群，构建了由省级特色专业
“数控技术专业”、“机电一体化专业”和省经信委、教育厅、财政厅批准的企校共建“智能制造技术应用”及校级重点专业机械制造与自动化专业组成的智能制造技术应用专业群。
并以智能制造应用品牌专业群建设为契机，推动应用性教育教学改革，构建知识探究、能力提升、素质培养、人格养成的
“四位一体”育人理念，激发学生学习兴趣，培养知识、能力、素质协调发展的高层次技术技能人才。
（一）实施五位一体工匠育人新模式，促进学生学习创新双主动
机械工程学院在专业群建设中坚持以学生为本，教学内容以企业研发生产项目为载体，创新并实践了五位一体工匠育人新模式，即基于
“教、学、产、研、赛”五位一体教学模式，在这种模式中，培养学生肯动手、勤动手、会动手的操作能力和实践经验，让其形成一种不怕苦、不怕累的学习和工作作风，已达到工匠育人的目的。在实践的过程中，同学们会主动求知、探索、实践，不仅学习成绩和动手能力得到显著提高，技术创新的意识也明显加强。近年来，学生参加各类国家级省级竞赛，
获得全国挑战杯大赛一等奖
1项、国家二等奖13项、三等奖3项；省一等奖58项、二等奖63项、三等奖69项。
（二）校企合作
“四真”生产性实训车间，助学生技术技能双提升
机械工程学院在专业群建设中，与企业共建了
“真设备、真产品、真工厂化生产、真企业化环境”的生产性实训车间。经国家数控技术中心、国家快速制造研究中心批准，我校建立了国家数控工程中心山东培训分中心、快速制造国家工程研究中心技术培训中心，经山东省教育厅批准建成了山东省高等学校工程技术研发中心、山东省企业实习实训基地，形成了集“技能训练、项目化教学、技术开发、培训与鉴定一体”的高水平实践教学基地。从而提升了专业水平和影响力，在使教师、学生了解学习先进制造技术，获取高等级技术证书及服务地方经济建设中发挥了重要作用。
学生
技术
技能
突出，双证获取率
100%，专业对口就业率达90%。学院先后
为中国重汽开办
7期数控技术培训班，职工500余人；与山东富美等公司建成以我
校
3D打印技术为依托的合作平台。举办3D打印培训班，培训职工370人次。
（三）二个基于产教融合的跟进策略，助学生经验能力双积累
针对教和学的不同问题，坚持问题导向，学院创新并成功实践
“青年教师进车间跟项目塑双师”和“大学生进车间跟项目塑双能”策略。青年教师通过进车间了解设备基本情况、熟悉设备操作规程、参与完成校企合作项目的研发；“青年教师进车间跟项目”模拟了企业环境，完成了企业项目从设计、生产到产品检测的多环节，让教师身临其境参与锻炼的同时，还能完成学校的基本教学任务，因此有效缓解了双师培训与教学安排之间的冲突。吸纳有能力的学生跟随指导教师参与校企项目的研发，注重学生们职业知识的传授和实际操作能力的培养，能进行独立的专业开发和改造。通过该策略全面提升教师、学生的动手能力研发能力。
近几年，机械工程学院获省级教学成果一等奖
2项、省级教学名师2名，省级技能名师1人，济南市专业技术拔尖人才1人，省级精品课程11门、省级资源共享课1门、市级资源共享课1门，省级品牌专业群1个、省级特色专业2个、省级教学团队2个、省级校企共建工科专业2个；省高校科学技术一等奖1项、三等奖2项、省机械工业科技进步二等奖2项、三等奖5项，省机械工业论文一等奖2项、二等奖1项、三等奖1项；为企业提供技术服务35项；获得专利50项。
先进的教育理念、优良的师资队伍、完善的实训条件为智能制造技术技能型人才的培养奠定了坚实的基础。
打造智能制造技术应用品牌专业群必将发挥专业的集群优势，提升服务产业的能力，促进校企合作的深入开展；提高毕业生就业率、就业质量、创业成效、学生思想道德素养和持续发展能力、用人单位满意率，为区域经济发展做出了贡献。
作者：宁玲玲

刘冉
冉

编辑：赵珣

编审：魏本江
",,11,https://www.suet.edu.cn/info/1026/2641.htm
山东工程职业技术大学本科专业介绍（四）——工程造价, 发布时间: 2019-07-01,"
工程造价
1.专业概况：
建筑工程学院具有十余年的高职办学经历，先后开设了建筑工程技术、道路桥梁工程技术、工程造价和建设工程管理等专业。工程造价、道路桥梁工程技术和建筑技术三个专业是省级品牌专业群。
2012年和山东建筑大学成功合作的“专本套读班”，2019年工程造价设为职业本科专业。
2.培养目标：
工程造价专业面向工程管理与服务业，培养思想政治坚定、德技并修、全面发展的，较好地掌握建筑工程技术、造价管理、经济和法律等基础理论知识及应用
BIM技术编制工程造价文件、有效控制工程造价的技术技能，了解工程造价领域的前沿信息和发展动态，能够胜任工程招投标代理、咨询、监理、审计等方面工作，具有良好的职业素质和创新精神的高层次技术技能人才。
3.主干课程：

工程制图与识图、土木工程材料、房屋建筑学、建设法规、工程招投标与合同管理、工程定额原理、混凝土结构识图与钢筋计算、建筑信息建模（
BIM）技术应用、工程估价、工程造价软件应用、建筑工程计量与计价、安装工程计量与计价等。
4.实习实训条件：
校内建有建筑结构力学实验室、桥梁结构力学实验室、沥青检测实验室、混凝土检测实验室、集料检测实验室、土力学实验室、水泥性能实验室等
8个专业基础实验室；建有工程测量实训室、建筑工程识图实训室、建筑施工仿真实训室、PKPM工程造价与施工管理实训室、项目管理沙盘实训室、招投标模拟实训室、路检实训室8个专业实训室以及1个大型土木工程实训场。
在校外已经和三庆实业集团、中铁十四局、济南第四建设集团等
40余家企业建立了长期稳定的合作关系，建成了松散型、紧密型和就业型校外实习基地28处。今年又与山东万斯达集团合作创办装配式建筑技术实训基地，与北大青鸟集团合作创办建设建筑BIM实训基地。
5.师资力量：
现共有专兼教师
26人，其中专任教师20人，正高职称专任教师3人，副高职称专任教师7人，副高以上职称占专任教师的50%；研究生学历教师10人，占专任教师的50%；“双师”型教师11人，占专任教师的55%；兼职教师6人，副高以上职称2人，占兼任教师的33%；研究生学历教师6人，占兼任教师的100%。
6.就业方向：
主要从事工程造价招标代理、建设项目投融资和投资控制、工程造价确定与控制、投标报价决策、合同管理、工程预结算、工程成本分析、工程咨询、审计、工程监理以及工程造价管理软件的开发应用和技术支持等工作。

",,11,https://www.suet.edu.cn/info/1026/2635.htm
我校党委组织党员收看“灯塔大课堂”第一课, 发布时间: 2019-07-01,"
值此中国共产党成立
98周年之际，我校组织党员在卓越楼党员活动室收看“灯塔大课堂”第一课
，
全校
160余名党员
收看了讲座
。此次活动由省委组织部举办
的
，邀请中组部党员教育中心有关负责同志作《中国共产党党员教育管理工作条例》专题辅导。
作者：组织统战部

张彦卿

编辑：赵珣

编审：魏本江
",,11,https://www.suet.edu.cn/info/1026/2636.htm
山东工程职业技术大学本科专业介绍（三）——土木工程, 发布时间: 2019-07-01,"
土木工程
1.
社会需求：
土木工程专业毕业生在土建类
人才
需求中排名第
一
，就业前景乐观
。
平均薪资水平在各专业中排名前列，属高收入群体。
2.
专业特色
：
2012年建筑工程技术专业被评为省级特色专业。2014年国家投资700万元，建设以建筑工程技术为龙头、道路桥梁工程技术和工程造价为骨干的三个专业组成的建筑类省级品牌专业群。2015年获得省级“建筑类专业群建设省级教学团队”称号。目前校内已经建成8个专业基础实验室、8个专业实训室以及1个大型综合实训中心，设备总价值605万元
，
为土木工程专业的实践教学和科学研究奠定了良好基础。
2019年学
校
申报的教学改革项目
“职业本科院校土木工程专业人才培养模式的探讨”，已获得山东省教育厅职业教育教学改革立项，学校将为本课题投入30万元用于相关的研究工作。在专业方向设置方面，通过调研论证，确定建筑工程方向和路桥工程方向两大专业方向的基础上，又与山东万斯达集团首创合作开发“装配式工程方向”。
3.
师资
力量：
土木工程专业现有专兼职教师
29人，其中专任教师22人，兼职教师7人。专
任
教师中，副高以上职称
10人，占45.45%；硕士14人，占63.64%；双师型教师11人，占50%。几年来，获得省级教学成果三等奖1项，省级精品资源共享课1门，省级教学比赛二等奖2项，省级微课比赛三等奖2项，校级教学能手3人；完成和在研省级教科研课题11项，主编和参编出版教材15部，发表教科研论文37篇，获得专利20项。
4.
校企合作
：
土木工程专业在校外已经和三庆实业集团、中铁十四局、济南第四建设集团等
40余家企业建立了长期稳定的合作关系。
学校
将持续推进校企合作，目前已与山东万斯达集团、三庆实业集团等知名企业洽谈联合培养模式。未来五年内土木工程专业教学设备总值达
1000万元，将高标准建成装配式建筑实训场、互联网+BIM实训室等一系列具备前沿技术水平实验实训室。
2019年我校将与北大青鸟集团深度合作，以“校企命运共同体”的合作模式开发设置BIM方向的订单班，加大BIM建模、BIM管理、BIM应用能力的培养，共同实施“1+X”证书的培训工作，北大青鸟集团将为我
校
提供
108万的实训设备。
5.
就业前景：
土木工程专业学生在校可考取的职业资格证书有
：
建筑
“五大员”（初级）、工程测量员（初级、中级、高级）、建筑 BIM 应用工程师（初级、中级、高级），可凭证书直接从事相关创新创业工作。学生毕业后
获
得
1-3年工作经验，可以报考注册结构工程师、注册岩土工程师、注册建造师和咨询工程师等职业资格证书，职业发展前景广阔。
",,11,https://www.suet.edu.cn/info/1026/2637.htm
我校建筑工程学院校企深度合作，共建BIM “订单”班, 发布时间: 2019-07-01,"
在新时代产教融合
校企合作
的背景下，我校建筑工程学院面向区域经济社会发展、面向终身教育服务，满足学习者的学习需求，自
2010年开始，与山东经纬工程测绘勘察院、江苏建工集团和三庆实业集团等7个企业开展了“订单”班，实施校企
协同
育人，
共同
培养
新时代大国工匠。
在订单培养过程中，企业提前介入人才培养过程，并作为育人主体，提供企业实践资源和先进文化，完善了企业人力资源结构，降低了企业招聘人才的成本。
招生即招工，入校即入职，学生提前接受企业
工匠
文化和实践锻炼，缩短了就业适应期，为提高学生的就业竞争力和增强可持续发展的能力奠定了坚实基础。今年
学
院将与
北大青鸟集团深度合作，开设
BIM方向的订单班，加大BIM建模、BIM管理、BIM应用能力的培养。
（一）
BIM技术促进了建筑业信息化的发展
作为信息技术与建筑业相融合的产物，
BIM给房地产业带来了新变革。房地产行业正在进入一个新的阶段，也面临新的挑战。其中，最主要的挑战是如何提高房屋建设质量和效率、保障作业安全并实现可持续发展。要想系统解决这些问题就需要“创新”，而BIM恰恰能够给房地产行业带来新思维、新方法、新技术。
据不完全统计，超过一半的房地产项目以及
80%以上的大型项目均采用了BIM技术。金地、金科、碧桂园、万科、融创等大中型房地产企业都成立了数字专业化部门，研究BIM发展路径和具体措施，也包括制定相应标准。
（二）

定期召开专业群建设会议，共同优化人才培养方案
为加强对订单班的教学和管理，学院相继制定了一系列日常教学管理、资源开发、合作共享、发展规划、专业建设、课程改革、师资培养、实践教学、考核评价等各项管理制度。
2014年学院与
江苏建工集团
深度合作，共同申报了建筑类品牌专业群项目，一起编制了建筑类品牌专业群建设的实施方案等工作。
（三）
校企共同管理
“订单”班
第
3学年企业负责顶岗实习的落实工作，学校派相应的人员进行安全和生活的管理工作，共同做好学生的实训实习工作。实现了企业将培养人才时间从学生毕业被企业录用之后前置到学生毕业前的学习期间，真正做到人才培养校企无缝对接，可以为企业批量培养企业发展所需的留得下、用得上、有发展潜力的员工。借助企业优质教学资源，有效地提高人才培养质量，提升专业办学水平。
（四）
专任教师和兼职教师结对子，共建
“双师”教学团队
专任教师传授给兼职教师教学方法和技巧，兼职教师传授给专任教师企业实践经验和操作技能，这样优势互补，共同提高，真正实现高水平
“双师型”教学团队。教师每人每年有2-3个月在校外实践基地实践，与企业建立了稳定的密切协作关系，他们负责企业的技术咨询、服务或参与技术开发等工作，近三年给企业提供各类技术服务30余次。
作者：
建筑工程学院

李传红

编辑：赵珣

编审：魏本江
",,11,https://www.suet.edu.cn/info/1026/2638.htm
山东工程职业技术大学本科专业介绍（六）——物联网工程, 发布时间: 2019-07-02,"
物联网工程
社会需求：
随着全球经济的快速发展，人工智能、大数据、智能制造等技术不断成熟，物联网时代正逐渐到来。据统计，目前，国内物联网连接数已达
16亿个，预计2020年将超过70亿个，市场规模达到2.5万亿元，物联网发展潜力巨大。
培养目标：
主动适应经济和社会发展需要，坚持
“以服务为宗旨、以就业为导向、以素质教育为基础、以能力培养为目标”的办学思想，以“工学结合”作为人才培养模式改革的切入点，采用CDIO工程教育理念，重视课程体系整体优化，突出职业能力培养，培养
高层次
技术技能人才。
主干课程：
电路原理、
C语言程序设计、工程数学、模拟电子技术、数字电子技术、信号与系统、数据结构与算法、单片机原理及应用、计算机网络、高频电路、传感器技术应用、物联网技术应用、通信原理。
物联网应用方向：
数据库原理与应用、
Zigbee技术与应用、无线传感器网络与RFID技术、物联网组网技术。
嵌入式开发方向：
Android系统原理与应用、嵌入式系统、JAVA程序设计和Linux操作系统。
专业师资：
物联网工程专业教学团队是省级教学团队，现有专兼职教师
27人，专职教师20人
，
其中教授、副教授
13人，占专职教师的65%；具有硕士以上学位的教师13人，占专职教师的65%；具有双师素质的教师13人，占专职教师的65%；来自企业的兼职教师7人，主要承担核心专业课和专业实习、实训的教学任务。该教学团队省级立项、结题科研项目5项
，
出版教材、著作
6部
，
在省级以上刊物发表论文
25篇
，
其中核心期刊
3篇，EI、SCI收录4篇；已授权专利4项目、软件著作权7项。
实习实训条件：
现有电工技术基础实验室、电工电子工艺实验室、通信技术实验室、电子技术基础实验室、高频电子技术实验室、网络实验室、电子仿真实训室、单片机嵌入式系统实训室、物联网实训室、物联网应用开发实训中心、计算机中心等11个实验实训室，设备总值550余万，建筑面积2812余平米。另外，还与
多
家企业建立了长期稳定的实习基地，在专业实训、顶岗实习、学生就业等环节，提供了一个良好的平台。如：山东星科智能科技股份有限公司、山东微分电子科技有限公司、山东恒电电气股份有限公司、山东大显装饰工程有限公司、北京华清远见科技发展有限公司济南分公司、湖北美和易思教育科技有限公司、济南九创装饰工程有限公司、喜星电子（南京）有限
公司等。
",,11,https://www.suet.edu.cn/info/1026/2632.htm
我校信艺学院实施基于工程教育理念 “校企协同，十化合一”工科专业育人模式改革与实践, 发布时间: 2019-07-02,"
我校信息工程与艺术设计学院自成立以来遵循高等职业教育规律，树立人的全面发展和培养创新型人才的教育理念，主动适应经济和社会发展需要，坚持
“以服务发展为宗旨、以促进就业为导向、以素质教育为基础、以能力培养为目标”的办学思想，以“工学结合”作为人才培养模式改革的切入点，重视课程体系整体优化，突出职业能力培养，明确高等职业教育培养高素质技能型人才的目标。通过社会调研，学习新加坡、德国等国外职业教育与国内高职师范院校重点专业课程开发的经验，根据山东省及济南市新一代信息技术行业对人才的需求，结合我校实际，不断完善各专业课程体系，改革课程教学方法和教学内容，基本形成了“校企协同，十化合一”的高职工科专业育人模式。在学校的领导下，学院发展迅速，现已成为办学思路清晰、师资力量雄厚、教学手段先进、实训实习条件完善、创新成果突出的校级特色专业，该学院电子信息工程技术教学团队和软件技术教学团队被评为省级教学团队。
采用
“校企协同，十化合一”育人模式，解决的实际教学问题：
1.培养目标市场化、课程体系模块化，解决了人才培养与企业需求脱节问题
（
1） 培养目标市场化
立足济南，面向山东，辐射全国，为区域经济服务。
2016年成立专业建设指导委员会，成员包括：
行业
专家、合作
企业专家、
学术带头人及各专业负责人。调研行业企业，确定所需关键岗位，根据市场需求制定培养目标，
引入
CDIO理念
修订了
2013-2017级人才培养方案。2015年开始开设企业联合培养班，如：软件技术甲骨文班，计算机应用技术（大数据分析方向），动漫同创唐朝现代学徒制班等。
（
2） 课程体系模块化
在课程体系改革中，根据行业
企业
关键岗位群需求和职业资格认证标准设置与之关联的课程模块。
①
课程体系模块化中突出
“四个结合”。
一是课程设置与岗位能力结合。
加强对岗位能力的分析与分解，按
关键
技能点设置课程，对核心课程和精品课程按照岗位需求完成课程内容重构。
二是生产过程与教学项目及教学过程结合。
充分利用校内、校外合作企业的有效资源，积极引入新产品、新工艺、新技术，与教学项目、教学过程有机结合，增强教学针对性。将来自相关企业的实际项目及最新成果引入教材，增强实用性。课堂教学中增加生产实际案例，实践教学中强化
CDIO
项目实施能力训练，融
“教、学、做”一体。
三是
“课、证”结合。
将职业技能鉴定及资格认证标准容融入教学内容，为职业技能鉴定提供支撑平台。
四是教学创新与创业和素质教育结合。
以教学创新推进创业和素质教育，以创业和素质教育提高学生的就业能力，积极探索创业和素质教育的各种实现形式，将创业和素质教育内容融入所有课程模块与教学过程，提高学生的就业竞争力。
②
实践教学贯穿于
“三课堂”之中，形成“三课堂”联动的实践教学体系。
“第一课堂”：实验、实训、课程设计、专业综合能力实践（含毕业论文、毕业设计）等实践性教学环节。“第二课堂”：社会实践、顶岗实习等。“第三课堂”：学生社团、各类培训、考证考级、技能和科技竞赛等。
③
基于
CDIO工程教育理念，与企业合作开发教材。
按照
CDIO理念重构教学内容，
校
企合作开发工程型
项目化
教材。教
学
内容融入
实际生产
项目，
按
“构思、设计、实现、运行”四个步骤
组织实施
。
2013年-2015年
，全国大学生竞赛山东省组委会指定我院为牵头单位
。
编
写
的《全国大学生电子设计竞赛电子设计竞赛培训教程》由清华大学出版社正式出版，列为
“21世纪高职高专规划教材”和“电子信息工学结合模式系列教材”。与山东省计算中心、山东电力集团等合作开发
了
6部基于CDIO理念的项目化教材，
被
列为
“面向全国大学生电子设计竞赛系列教材”和“21世纪高等学校电子信息类专业核心课程工程型规划教材”
。其中，
《
FPGA/CPLD应用技术》
获全国电子信息类优秀教材二等奖、山东省教育科学研究优秀成果三等奖；
《传感器应用技术》
获全国电子信息类优秀教材三等奖
。


2. 实训平台“实景化”、师资队伍双师化，解决了人才培养条件与岗位能力培养需求不匹配问题
（
3）实训平台“实景化”
校内实训室的建设引入企业真实的工作情景、文化氛围，按照项目开发流程布置，以满足系统开发过程中
“构思、设计、实现和运行”，为学生工程实践能力培养创造良好的环境。
2015年起，与企业合作引进资金7300余万，建成了“实景化”的校内实训平台。包括：校企共同冠名的
凯文学院
-Altera公司EDA-SOPC联合实验室、凯文学院-星科集团电气智能联合实验室、凯文学院-微分电子公司物联网联合实验室
、
凯文学院
-噢易公司云计算联合实验室；甲骨文公司出资建设的
甲骨文
·凯文IT云教育中心；世纪鼎利出资建设的物联网应用开发实训中心、移动通信平台运营维护实训中心
、
移动通信网络优化实训中心、移动应用开发实训中心、电子商务创业实训中心和工业机器人应用维护实训中心；济南同创唐朝科技有限公司出资建设的
E时代创客中心、物联网创客空间、互联网+创客空间和2个名师工作室等，
并实行开放式实验室管理。
（4）师资队伍双师化
制定师资队伍建设方案，
加
大
师资培训
力度
，包括
：安排专任教师
到企业锻炼，到兄弟院校进修，在职攻读硕士
、博士
学位；
从企业选聘优秀技术人员组成兼职教师库，担任专业实训、集中实习等任务，同时专任教师协同指导
，不断提高自身的工程实践能力。
3. 课堂教学项目化、
实践教学工程化
、
课程考核过程化
，解决了传统教学模式限制学生自主学习和创新能力发展问题

（
5）课堂教学项目化
按照
CDIO
工程教育
理念重构教学内容，在课堂教学中增加来自
企业
生产实际项目，把教学内容融入到一个个项目中，每个项目都按照
“构思、设计、实现、运行”的步骤组织实施；在课堂教学中，教师引导学生按照“构思、设计、实现、运行”的思路主动思考多种实施方案，通过比较，确定最佳方案。
（
6）实践教学工程化
把实训内容分为若干个
精心筛选的
项目，保证多数学生
在规定时间
经过努力能够完成。学生采用小组合作的方式承担实训项目，教师先讲解项目的要求，然后引导学生按照
“构思、设计、实现、运行”的步骤完成
，
要求学生写出书面总结，
并进行
口头汇报或答辩。骨干课
课外作业会
选择几个
符合
多数学生
知识水平的实际工程
项目，学生自由
组合
，
完成新一轮的
“
构思、设计、实现、运行
”工程
训练
。
（
7）
课程考核过程化
课程考核贯穿于整个教学过程，学生的出勤、作业、回答问题、实际操作和理论知识掌握情况等都纳入考核范围。任课教师根据课程性质确定各部分
权重
，报分管院长批准后在
开
课时向学生宣布，平时教师做好记录。
4. 学生管理导师化、评价指标可量化、质量改进螺旋化，解决了学生培养质量保障瓶颈问题
（
8）
学生管理导师化
实行导师制，
对学生加强思想引导、学习辅导、生活指导和心理疏导，将思想教育与专业教育结合，课堂教学与课外教
学
结合，共性教育与个性教育结合，严格管理与人格感化结合，充分发挥教师的教书育人作用，形成全员育人的良好氛围，促进学生综合素质全面提高。
（
9）评价体系可量化
紧扣
CDIO
大纲和标准，制订了基于
CDIO
理念的教学评价指标体系，包括学生
CDIO项目实施能力评价指标，学生CDIO综合能力评价指标，教师CDIO教学能力评价指标，专业CDIO教学水平评价指标。做到指标量化。
（
10）质量改进螺旋化
借鉴
PDCA管理理论，把人才培养质量控制过程分成若各个子过程，每个子过程按“计划、执行、检查、总结”的步骤组织实施，使人才培养质量螺旋型持续提升。

作者：信息工程与艺术设计学院

张文硕

编辑：赵珣

编审：魏本江

",,12,https://www.suet.edu.cn/info/1026/2634.htm
山东工程职业技术大学本科专业介绍（八）——财务管理, 发布时间: 2019-07-03,"
1.
培养目标
：
面向商业银行服务、财务公司服务
等行
业，培养政治坚定、德技并修、全面发展的，较好地掌握管理学、经济学、经济法等基础理论知识及投融资、财务分析、预算管理等技术技能，了解国家经济方针、现代金融、财务分析的前沿信息和发展动态，能够胜任企业会计核算、预算统计、审计监察、资产评估、投资分析等方面工作，具有良好的职业素养和创新精神的高层次技术技能人才。
2.
主干课程
：
财务管理专业共设置中级财务管理、企业财务分析、成本控制与管理、投资学、风险管理与内部控制、财务信息系统、高级财务管理、证券投资分析、审计学、运营与信息管理、公司战略管理、国际商务等专业核心课，同时还设置了财务管理实训、管理会计实训、财务会计实训、
EXCEL经济与管理应用实训、财务信息系统实训、MySQL数据库程序设计、C语言程序设计、上市公司信息披露调查分析实训、投资项目分析与评价、企业纳税筹划等符合当前社会发展需要的实训课程。
3.
专业培养特色
：
遵循
“厚基础、宽口径、活模块”的思路，将理论课程优化组合为学科基础课程、专业核心课程、
专业选修课程、专业方向课程、
特色创新课程等模块，构建
了
立体化、多元化的理论课程体系平台
。
将职业技能和职业素养、工匠精神高度融合，培养学生
的
社会责任感
和
创新实践能力
。为
实现专业教育与就业岗位的无缝对接，学校已与民生银行济南分行、山东中泉会计师事务所、中国平安人寿保险股份有限公司、京北方信息技术股份有限公司、山东开创集团股份有限公司、太平洋保险在线服务科技有限公司山东分公司、北京京东世纪信息技术有限公司等企业建立了长期稳定的合作关系，
为学生
将来
更快适应岗位需求及职业生涯发展提供
了
广阔的平台
。
4.
师资
力量：
财务管理专业拥有一支素质优良、结构合理、社会声誉高、充满活力的专兼结合的双师结构的教师队伍。现有专业课教师

26
人，专业课教师中，教授
8
名，副教授
11
名，具有会计师、注册会计师等职业资格证书的
“ 双师型”教师
16
人。财务管理师资队伍建设成效显著，聘请了
5位具有较高理论水平和丰富实践经验的行业能手担任兼职教师，以满足专业建设、课程开发与实训教学的需要。本专业授课教师
近两年在研校级教研课题
4项，在研省级科研项目2项，在研校级科研项目3项。获得国家级专利2项，省级优秀成果奖3项，同时针对高职教育的特点主编、参编多部规划教材，在国家正式刊物上发表论文
20
多篇，其中核心期刊
2篇
。
5.
实习实训条件
：
按照会计职业岗位能力的要求建成了
10
个具有国内领先水平的校内实训室

和
239
个校外实训基地。包括：以财务核算能力实训为重点的
4
个财务多功能综合模拟实训室；以财务岗位职责实训及内部控制流程实训为重点的
2
个财务岗位模拟实训室；以企业管理软件操作能力实训为重点的财务软件实训室；以财务管理能力实训为重点的
ERP 校内实训中心；以双证书教学为重点的 ERP 认证中心；以财务核算、财务监督、财务管理等实训为主要目的各实训基地。校内实训室设备先进、实习实训资料齐全；校外实训基地条件优越，可满足师生顶岗实践和课程开发的需要。
",,12,https://www.suet.edu.cn/info/1026/2629.htm
山东工程职业技术大学本科专业介绍（七）——汽车服务工程, 发布时间: 2019-07-03,"
培养目标
：
本专业培养适应区域经济社会发展需要，德、智、体、美、劳等全面发展，具有良好职业道德和人文科学素养，掌握汽车服务领域所必需的较为系统的基本理论、现代汽车应用技术以及大数据智能化在汽车服务工程领域的应用案例，具备汽车服务工程领域管理与实操能力
、
创新能力的高层次
技术技能
人才。
发展空间
：
学业期满获得国家工学硕士学位并可直接考取工学硕士研究生，也可从事机械制造企业，机械控制及自动化研究与应用企业
，
未来网联汽车
(即无人驾驶汽车)应用服务管理等单位的工作。
人才培养标准
：
1
.

系统掌握传统汽车（燃油汽车）结构原理及维修技术（第
1-2学年）
；
2
.

系统掌握新能源汽车（含非燃油汽车）结构原理及维修技术（第
3学年）
；
3
.

系统掌握网联汽车（无人驾驶汽车）结构原理及运用（第
4学年）
；
4
.

具备市场开发，企业管理，创新创业等领域的知识及实践能力。
实训条件
：
学校是山东大学汽车实训基地、吉利汽车新能源人才培养基地，建有博世汽车诊断实训中心，可充分满足学生实习实训的要求。
主要就业岗位
：
环保检测及交通运输管理企事业单位管理人员，汽车维修与检测单位站长，汽车保险理赔企业部门经理，汽车金融服务企业部门经理，以及汽车制造厂
、
改装厂生产技术负责人等岗位。

",,12,https://www.suet.edu.cn/info/1026/2630.htm
我校汽车工程学院的优势和特色, 发布时间: 2019-07-03,"
一、专业设置
学院在
2005年设立了汽车检测与维修技术专业，2007年设立了汽车运用技术专业，现更名为汽车运用与维修技术专业，2008年设立了汽车电子技术专业，2018年更改为新能源汽车技术专业，2012年设立了汽车技术服务与营销专业，现更名为汽车营销与服务专业，2018年设立了汽车服务工程本科专业，其中汽车检测与维修技术和汽车营销与服务专业被评为校级特色专业。
各专业设置特色如下：
（1）
汽车服务工程本科专业在专业设置上，将汽车服务工程专业划分为智能汽车技术与运用和汽车金融与二手车评估两个方向，体现人才培养的细分化及专业化；
（2）
汽车检测与维修技术高职专业在专业设置上，分为智能汽车与维修和车身艺术改装两个专业方向，汽车营销与服务专业分为汽车营销和汽车金融与二手车评估两个专业方向，汽车运用与维修技术专业分为汽车维修和汽车无人驾驶运用两个专业方向，提高学生专业自主选择性，并满足企业和市场对人才的不同需求。
二、师资及教学科研情况
汽车工程学院现有专兼职教师
64人，其中专任教师37人，含副高以上职称25人，占专任教师的67.6%，硕士学位以上的15人，占专任教师的40.5%，双师型教师19人，占专任教师的51.4%；来自企业、行业的兼职教师19人，其中4人为高级工程师；校外兼任教师8人，均为副高以上职称。教师近年来承担了教科研课题20余项，出版著作、教材10余部，自编校本讲义3部，在省级以上刊物发表论文20余篇，授权实用新型专利6项，获得省级以上奖项5项。
三、实验实习条件
（一）校内实训基地
我校建有一万平米的汽车工程训练中心，其中有：电工电子实验室、液压（气压）实验室、钳工实验室、博世汽车诊断实训中心、吉利新能源人才培养基地（新能源汽车实训室）、汽车发动机实训室、汽车底盘实训室、汽车电控系统实训室、汽车电气系统实训室、汽车仿真实训室、汽车综合性能实验室、汽车发动机性能实验室、汽车维修厂、智能汽车技术研究所等。近几年，为实现教学与岗位的对接，满足实训项目实景化，专业教学一体化的要求，汽车工程训练中心进行了较大的建设和投入，完全满足本、专科专业的实践性教学环节的要求。
（1）
博世汽车诊断实训中心
博世汽车诊断实训中心是教育部与博世公司于
2009年12月签署的校企合作项目，该项目在2010-2014年期间，教育部与博世公司将在全国范围内共同认定100所具有办学优势的汽车职业院校建立“博世汽车诊断实训中心“。培养有现代汽车服务理念的汽车诊断专业人才，以满足汽车售后服务市场的需求。博世汽车诊断实训中心是博世公司与合作院校间课程、技术和学术的交流平台，是合作院校学术交流的纽带。博世公司在全国的数千家”博世汽车专业维修站“为合作院校提供实习就业的推荐平台。我校”博世汽车诊断实训中心“装备了国内最先进的汽车诊断与维修设备，为汽车专业在校生的实训提供了最优越的平台。
（2）
发动机性能实验室
汽车发动机性能试验台架有
FC2000发动机自动控制系统及CDE1.6L朗逸轿车汽油发动机组成。CDE发动机采用运行（原车）ECD和教学（本校开发）ECU双单元控制。FC2000发动机自动测量控制系统采用了奥地利AVL公司SCHCK公司发动机自动测控技术。测控仪采用数字增量电压控制发动机转速/扭矩且无扰动力切换控制；液晶显示测量参数，使测控仪的操控性及发动机转速/扭矩控制稳定性得到很大的提高。汽车发动机性能试验台架可做发动机任意工况下的速度特性、负荷特性、点火提前角调节特性、排放特性等性能曲线。是汽车理论、汽车发动机原理等课程必备实验室。也是研究发动机工作过程、发动机控制模式，提高发动机动力性、经济性、排放性科学研究的基础设施。
（3）
吉利新能源人才培养基地
2018年我院与吉利新能源汽车正式签订校企合作协议，正式成为吉利新能源汽车校企合作院校之一。根据合作协议，校企双方将共建吉利新能源汽车人才计划培训基地，并优化产教融合及校企双方协同机制，共同完成产学目标制定、体系融合、工学实践、平台搭建等。学院做好学生就业指导，树立学生正确的就业观和价值观，培养学生过硬的职业技能。企业完善育人、留人、用人等机制；企业提供企业技术标准支持、师资培训标准支持并提供优质就业实习岗位；企业推动新能源汽车社会人才的培养，推动职业技术院校新能源汽车专业建设。双方共同完善校企合作评价机制，促进校企互评，提升过程管理效果；双方建立激励管理机制，深度进行产教协同，对学校、学生及项目组成员进行有效激励，使订单班培养模式能够真正落地，双方联合校企优势共同打造高
层次技术
技能人才培养基地。
（二）校外实训基地
我院根据汽车类专业教学要求，结合企业自身实际条件，先后与山东中鑫之宝汽车销售服务有限公司、山东宝雅新能源汽车股份有限公司等数十家企业单位建立了人才培养与就业合作关系，建立了稳定的校外实践基地。校企合作建立了山东凯文汽车销售服务有限公司，更进一步提高了实践性教学的条件。通过多年的校企合作，学院和企业在人才培养、实践性各教学环节上已实现规范化运行，企业参与教学，学院向企业输送人才，实现了校企共赢、共育人才的
机制
。
四、图书资料
目前图书馆
馆
藏汽车专业类纸质图书共计
7165种，24467册，另外还有同方知网、超星数字图书馆、维普期刊整合服务平台等电子资源，完全能满足学生学习
的需要
。
作者：汽车工程学院

王霞

编辑：赵珣

编审：魏本江
",,12,https://www.suet.edu.cn/info/1026/2631.htm
山东工程职业技术大学本科专业介绍（十）——会计, 发布时间: 2019-07-04,"
1.
培养目标
：
本专业培养具有良好的人文与科学素养，社会责任感强，恪守诚信，具备管理、经济、会计学等方面的知识和实践能力，并具有一定管理创新能力，胜任会计核算、电算操作、涉税业务处理等高层次技术技能人才。
2.
主干课程
：
会计专业共设置财务会计实务、成本核算与管理、税务代理实务、管理会计、会计信息化、
ERP操作运用、财务管理、审计实务、EXCEL财务应用、财务报表分析等专业核心课，同时还设置了会计基本技能实训、财务会计综合技能实训、纳税申报实训、成本核算实训、企业沙盘模拟运营、会计综合实训等符合当前社会发展需要的实训课程。会计专业在为专业学生设置专业必修课程及实训内容的同时，还根据会计专业的发展及就业方向设置了金融会计、外贸会计及保险会计等选修方向。
3.
专业培养特色
：
会计专业以培养高
层次技术
技能人才为目标，不断更新职业教育理念、改革教学组织方式、强化课程建设、改进教学方法，已形成了满足职业教育人才培养目标的以
“理实一体课程 + 校内仿真实训课程 + 校外顶岗实践”为总体框架的课程体系，开发了学习领域课程
12
门，建成
校
级精品课程
3

门，
校
级精品资源共享课
3门，获省级教学成果三等奖1项。
4.
师资队伍
：
会计专业拥有一支素质优良、结构合理、社会声誉高、充满活力的专兼结合的双师结构的教师队伍。现有专业课教师
26
人，专业课教师中，教授
2
名，副教授
8
名，具有会计师、注册会计师等职业资格证书的
“ 双师型”教师
16
人。从生产一线聘请了具有较高理论水平和丰富实践经验的行业能手担任兼职教师，以满足专业建设、课程开发与实训教学的需要。
近两年在研校级教研课题
4项，在研省级科研项目2项，在研校级科研项目3项。获得国家级专利2项，省级优秀成果奖3项
。
主编、参编多部规划教材，在国家正式刊物上发表论文
20
多篇，其中核心期刊
1
篇。取得省级大学生用友杯技能大赛二等奖
2项，多名教师获得教学能手、优秀指导教师称号。
5.
实习实训条件
：
按照会计职业岗位能力的要求建成了
10
个具有国内领先水平的校内实训室和
239
个校外实训基地。包括：以会计核算能力实训为重点的
4
个会计多功能综合模拟实训室；以会计岗位职责实训及内部会计控制流程实训为重点的
2
个会计岗位模拟实训室；以企业管理软件操作能力实训为重点的会计电算化实训室；以会计管理能力实训为重点的
ERP 校内实训中心；以会计职业道德教育和会计监督能力、职业认知、专业感悟实训为重点的会计实训示教室；以会计基本技能培训为主的会计基本技能实训室；以双证书教学为重点的 ERP 认证中心；以会计核算、会计监督、会计管理等实训为主要目的各实训基地。校内实训室设备先进、实习实训资料齐全；校外实训基地条件优越，可满足师生顶岗实践和课程开发的需要。

",,12,https://www.suet.edu.cn/info/1026/2625.htm
山东工程职业技术大学本科专业介绍（九）——电子商务, 发布时间: 2019-07-04,"
1.培养目标：
本专业面向商务服务、互联网信息服务业，培养政治坚定、德技并修、全面发展的，较好地掌握信息技术、电子商务、国际贸易等基本知识以及网站（网店）运营等技术，具备商务信息处理、网店内容维护与管理、网络平台开发与运营、网络交易管理、网络客户服务与管理等能力，可胜任网站（网店）规划与运营及网络客户服务管理等方面工作，具有良好的职业素养和创新精神的高层次技术技能人才。
2.专业特色：
坚持“职业性”和“高层次”的电子商务专业人才培养定位。借鉴CDIO工程教育理念，以电子商务职业技能培养为核心，构建培养目标市场化，课程体系模块化、师资队伍双师化、课堂教学项目化、实训平台实景化、课程考核过程化、学生管理导师化、评价体系可量化和质量改进螺旋化的电子商务专业育人模式。
3.主干课程：
电子商务概论、市场营销学、管理信息系统、电子商务管理实务、网页设计与制作、JAVA程序设计、网络营销基础与实践、ERP与客户关系管理、商务数据库应用、电子商务网站建设等。
电商建设运维方向：市场调查与预测、新媒体营销、网店运营管理、大数据分析。

跨境电商方向：国际货运代理、国际商务谈判、跨境电子商务基础、跨境电商运营管理。
4.实训条件：
现有电子商务专业实训（实验）室面积、设施等均达到国家电子商务专业实训教学条件建设标准（仪器设备配备规范）要求。主要实践实训设施有：市场营销综合实验室、工商企业管理综合实验室、电子商务实训室、电子商务创业实训中心、电子商务产品摄影实训室、商务信息调研分析实训室、移动应用开发实训中心、物流软件实训室、专业计算机机房。校外实训基地有：苏宁云商电商实训基地、京东人才培训基地、上海宝尊电子商务有限公司、苏宁云商集团信息科技有限公司、北京京东世纪信息技术有限公司、山东开创集团股份有限公司、华强方特（济南）旅游发展有限公司、中国太平洋财产保险股份有限公司山东分公司、中国平安集团股份有限公司济南分公司、京北方信息科技有限公司。
5.专业师资：
现有专兼职教师
26人，其中专任教师20人，企业兼职教师6人。具有副高及以上职称的有9人，占该专业专任教师的45%；
具有
“双师”
资格的
14人，占专任教师总数的70
%
；
具有硕士以上学位的教师
14人，占专任教师总数的70%。
近
5年本专业教师完成省社会科学基金项目4项；成功申报省级人文社科类科研计划项目1项；申请实用新型专利1项；获山东省教育科学研究优秀成果二等奖1项、三等奖2项；主编、参编教材5部；在国家正式刊物上发表论文30篇，其中核心期刊1篇。
6.就业方向：
本专业就业主要面向互联网平台、互联网信息服务、商务服务等行业的三大类岗位群：一是电子商务技术类（如网站美工
/编辑、网站设计/运维等岗位）；二是电子商务商务类（如网站推广、网络营销、跨境电商、电商创业等）；三是电子商务综合管理类（如电子商务部门经理/项目总监等）。
",,12,https://www.suet.edu.cn/info/1026/2626.htm
深化产教融合   我校工商管理学院实现新商科教育“三个对接”, 发布时间: 2019-07-04,"
相对于传统商业模式，新时代商业人才的培养理念、培养方法、培养路径、培养内容等都需要渐进式优化和创新，新商科人才培养要注入特色化、实践化、互动化和集成化理念。
我校
工商管理学院在专业设置、课程内容、教学过程方面，结合新商科人才培养的校企合作、教学团队、实训基地、教学资源等方面要求，提出了
“共基础 活模块”教学模式，在课程构建上，逐步形成了“多岗适应、专岗精通”的课程体系。着力实现专业链与产业链对接、课程内容与职业标准、教学过程与生产过程的“三个对接”，通过革新教学形式，着重解决从知识的外壳深入内核的问题，从传统的知识学习跨越到身临其境的场景学习，使学生能够对商科教育理论与实践内容形成具体形象的认知，充分理解商业活动的本质，真正做到学以致用。
一、适应新商业人才需求，实现专业链与产业链对接
工商管理学院现开设有电子商务、市场营销、物流管理、工商企业管理、会计、旅游管理等高职专业，通过以现代商务活动为研究对象，密切结合产业链端的需求，精准分析新商业产业链和生态圈的图谱和业态，大力建设电子商务（移动商务、商务数据分析与应用）、财务管理、金融管理（互联网金融）、物流管理等专业，强力推进电子商务专业群、会计（财务管理）专业群设，着力打造新商业模式下财经商贸类优势特色专业群，满足新商业人才培养需求。学院牢固树立
“工程性、融合型”的教学理念，通过专业教育、通识教育和创新创业教育的深度融合，积极推进“共基础 活模块”教学模式改革，逐步形成“多岗适应、专岗精通”的课程体系，不断深化校企合作、产教融合
，
不断创新实践教学模式。近年来，学院多次在省级以上的各类竞赛中喜获殊荣，先后获得沙盘模拟技能大赛二等奖，省级大学生用友杯技能大赛二等奖，省级物流技能大赛三等奖。
二、植根于产业对人才的需求，实现人才培养课程内容与职业标准无缝对接
为力争开设的课程与课程内容全方位对接产业发展需求，并有效满足市场需求。工商管理学院精准调研新商业产业链衍生出的岗位群、职业群，按照产业链的性质和要求开发校企深度融合、产教融合、工学结合课程，建构基于产业链的专业课程体系、人才培养和发展体系。邀请区域、行业、企业龙头成立专业建设委员会，共同探讨制定课程体系，如电子商务、物流管理专业与苏宁云商集团、京东集团，会计、财务管理专业与中国平安、济南市会计代理协会，互联网金融专业与太平洋保险、山东开创集团，以期实现学校专业核心课程建设与行业龙头企业的生产作业实现无缝对接
,对照企业生产作业的流程设计课程教学模块，选派专业骨干教师深入行业龙头企业开展调研访谈、挂职锻炼，深度嵌入企业骨干人员的校内培训，加强信息交互，强化交流合作。
三、实践课程融合产业需求，实现教学过程与生产过程深度融合
实践实训课程嵌入产业链，能使人才培养更加适应产业需求；反过来，产业的发展升级可带动职业教育专业建设和办学水平优化，形成良性互动发展。工商管理学院将所设实验室资源全面对接企业需求，共同开设更加贴近生产过程的实训科目，引进苏宁云商集团在校内开设实训科目，打造全真环境的校内生产性实训基地，校企双主体合作育人，并根据企业实际业务需求，适时开展全真实训项目，如苏宁云商集团和
我校电
子商务
140名学生在校内共同开展为期两周“6.18”苏宁电商节活动，京东信息科技有限公司与100名物流专业学生开展京东“双十一”电商节等全真实训项目，在组织学生实践的同时助力企业完成业绩目标。会计专业开展院级现代学徒制人才培养模式，通过传、帮、带的过程性实操训练，将企业实际用人过程的中的培训科目引入学校，对接校内实训课程。缩短企业用人的培训周期，大大提高了商科人才的培养质量。学校以菜鸟驿站为依托，与三通一达、顺丰等共建校内快递收发中心，学生的基础实训教学环节在校内即可完成，并能在真实的企业环境和标准化的作业流程中感悟和升华专业知识，促进专业技术技能
水平的提升
。
作者：
工商管理学院

刘杰
编辑：赵珣   编审：魏本江



",,12,https://www.suet.edu.cn/info/1026/2627.htm
廊坊市提升职业院校办学水平研讨会调研组一行来我校参观考察, 发布时间: 2019-07-04,"
7
月
3
日
上午
，
廊坊市提升职业院校办学水平研讨会调研组一行
35
人
在廊坊市教育局正处级督学
许红伟
的带领下来
我校考察
调研
。学校
副校长李梅松
等领导热情接待了许红伟
督学
一行。
来宾们在校领导的陪同下参观了
土木工程训练中心、汽车工程训练中心、机械工程训练中心、鼎利学院、甲骨文
IT云教育中心、E时代创客中心
等实验实训中心。参观结束后，许红伟
督学
对我校先进的实验实训设备和产教深度融合、校企协同育人的教学理念给予高度赞赏。
随后，双方在卓越楼五楼第一会议室进行座谈交流，会议由李梅松副校长主持。
来宾们与
我校人员
从学校职业教育发展、升本工作、专业设置等方面进行了深入交流
。李梅松副校长就学校申本工作作了经验介绍
。
会后
，许红伟
督学
对我校的热情接待表示感谢，衷心祝愿我校再接再厉，开拓创新，在建设特色鲜明的高水平职业技术大学方面更好地发挥引领示范作用，并希望今后双方进一步
加强交流与协作，
携手共进，共谋发展
。
作者：党政办公室

王允芹

编辑：赵珣

编审：汪少龙

",,12,https://www.suet.edu.cn/info/1026/2628.htm
浙江警官职业学院副院长严浩仁一行来我校参观考察, 发布时间: 2019-07-05,"
7
月
4
日
上午
，
浙江警官职业学院党委委员、副院长严浩仁一行
4
人
来
我校考察
调研
。学校
副校长李梅松
等领导热情接待了
副院长严浩仁
一行。
来宾们在校领导的陪同下参观了
土木工程训练中心、汽车工程训练中心、机械工程训练中心、鼎利学院
等实验实训
场所
。
随后，双方在卓越楼五楼第一会议室进行座谈交流，会议由副校长李梅松主持。
会上，双方就申本工作经验进行了交流。副校长李梅松指出，申本是一项系统工程，有利于推动学校总结办学经验、明确办学定位、凝练办学特色、更新办学理念、规范办学行为，进一步提升学校办学质量。
从宏观层面上讲，申本工作应做到以下几项：
一是
科学规划、稳步施策，制定详细实施方案；二是
明确建设标准，确保各项办学条件达标或超标；三是根据各阶段任务，抢抓时间节点，完成预定目标；四是强化督查督办、形成完善的质量管控体系。
严浩仁副院长对我校的热情接待表示感谢，并希望今后两校进一步
加强交流与协作，
深耕职教，共谋发展
。
作者：
党政办公室

王允芹

编辑：赵珣

编审：汪少龙

",,12,https://www.suet.edu.cn/info/1026/2623.htm
一切为了学生，为了学生的一切, 发布时间: 2019-07-06,"
——记工商管理学院优秀教师叶娜事迹
叶娜，
2008年加入我校工商管理学院会计专业教学团队，2009年起担任会计专业教研室主任至今。
叶娜自
2010年起，连续六年被评为“优秀教职工”、“优秀共产党员”；2011年指导学生获得第七届全国职业院校“用友杯”沙盘模拟经营大赛山东省总决赛二等奖，荣获优秀指导教师称号；2012年至2017年连续四年指导学生获得第八、十、十一、十二、十三届全国职业院校“用友杯”沙盘模拟经营大赛山东省总决赛三等奖，荣获优秀指导教师称号。2013年参加学校组织的教学能手比赛，取得了第四名的好成绩，获得“教学能手”的荣誉称号；2014年获得校级微课比赛优秀奖，山东省职业院校骨干教师暑期培训“优秀学员”；2015年9月被评为“2015年（第二届）校级师德标兵”，11月聘任为“教师特聘岗位重点岗”；2015年11月指导学生获得“税友衡信杯”会计技能大赛山东省总决赛三等奖；2016年11月指导学生获得“税友衡信杯”会计技能大赛山东省总决赛二等奖。
叶娜自任职以来，能够认真学习党的路线、方针、政策和有关职业技术教育的法规及文件，深刻领会其思想内涵，并落实到行动中。她工作勤奋，事业心、责任心强，具有良好的职业道德，有较强的教学与教研能力。自
2008年6月开始至今，一直担任会计专业的专职教师，主要讲授《会计综合实训》、《财务会计实务》、《税费核算与申报》、《资产评估》、《财经应用文写作》、《出纳岗位实务》、《基础会计》、《会计信息化》、《管理会计》、《会计专业英语》、《建筑会计》等课程以及《企业沙盘经营实战》、《涉税岗位实训操作》、《会计基本技能》等实训课程；总课时达8075学时，教学效果良好；在教学中能够做到认真钻研教材，把握重点、难点，研究学生情况，选择恰当、有效的教学方法，注重学生职业素质的培养，保质保量地完成了教学任务。
叶娜自
2009年9月至今，一直担任会计专业教研室主任一职，她积极参与校级特色专业和精品课程的建设，并于2010年会计专业被评为校级特色专业；2011年至2013年协助学院教师完成财务会计精品课程的建设工作；2012年4月、2013年4月及2014年11月、2015年11月、2016年12月期间分别组织本专业学生参加了山东省职业院校技能大赛，在比赛中积极向兄弟院校学习，取得了丰硕的成果；2014至2015年积极参与申报省市及学校组织的各类科研活动；2016年成功申报校级特色教学团队并担任执行负责人。
叶娜自任职以来共撰写论文
7篇，分别是《论退税制度下的出口骗税问题》、《制度变迁中民办高校制度创业机制的探索性研究：合法性视角》、《当前形势下我国企业如何从会计角度来应对反倾销》、《新时代下人才创新创业能力的培养探索》、《信息化教学与传统教学的碰撞与冲突》、《高职院校财会实训室建设和管理的思考》、《农产品物流企业税收筹划风险与防范》。参与编写《会计核算基础》教材1部；担任副主编教材共7部，分别为《纳税实务》、《会计综合实训（实操版）》、《新编会计综合实训》、《新编财务会计》、《现代通用应用文写作教程》、《财务管理教程》和《新编大学应用文写作》；担任主编教材2部，分别是《基础会计实务》和《经济学基础》。主持科研项目2项，分别是“制度变迁中民办高校制度创业机制的探索性研究：合法性视角”和“校企合作产教融合立法机制研究-以山东凯文科技职业学院为例”；主持教研项目1项：“教育信息化背景下互联网+会计专业教学资源建设研究与实践”。
叶娜老师积极参与学校申本建设工作，自
2016年10月至2017年2月参与了实验室相关文件的整理工作，自2018年10月至2019年3月主持了会计专业和财务管理专业申本资料的撰写工作。
叶老师经常这样说，
“做一名合格的人民教师，要甘于平淡，但不能甘于平庸，要有坚韧的毅力，要有无限的耐心，要勤修师德，要无私奉献，要做到一切为了学生，为了学生的一切。”她用实际行动正在践行着自己的诺言。
作者：工商管理学院

宣传处

编辑：赵珣

编审：魏本江



",,13,https://www.suet.edu.cn/info/1026/2621.htm
潜心育人  踏实工作, 发布时间: 2019-07-06,"
——记工商管理学院优秀辅导员周浩事迹
周浩，男，汉族，
1987年出生，中共党员。2010年9月入职
山东工程职业技术大学
，一直从事辅导员工作，先后担任
2010级、2013级、2015级、2018级辅导员，现为工商管理学院2018级学生辅导员。累计培养毕业生1500人，在校生200人。
通过近九年的努力和学习，
周浩
在工作中形成了一套行之有效的工作
方法
，在各方面均取得了一定的成效，全体学生形成了良好的学习氛围和学习风气，学生综合素质得到了很大的提高，
他也
成为一名深受领导器重、学生爱戴的优秀辅导员。其所负责的班级多次获得
校级
“优秀班集体”、“先进班集体”、“优秀团支部”等荣誉称号，培养了一大批优秀毕业生。
他
在
2018年度全校年度考核中获得优秀
辅导员称号
。
一、
忠诚敬业，牢记神圣使命
周浩老师
自参加工作以来，认真学习
政治理论和业务知识
；拥护中国共产党的领导，拥护社会主义，热爱教育事业；思想品德端正，遵纪守法，工作努力，具有强烈的事业心和社会责任感，对待本职工作认真负责，任劳任怨，时刻本着
“热爱辅导员职业，热爱学生”的原则，将全部身心都投入到学生管理工作中去，积极引导青年学生为社会主义现代化建设勤奋学习，立志成才。
在参加工作初期，刚刚毕业便开始带新生，难度较大，但是通过不断向领导、同事请教、学习，
很快进入了辅导员的角色。在他的努力下，
使
2010级学生很快
地
熟悉了高校的学习环境、生活环境，较快的适应了大学的生活。在接下来的几年时间里，他始终牢记辅导员职责，深入学生中间，了解学生思想状况、生活和学习情况，耐心细致
地
为
学生们
排忧解难，及时联系沟通家长，保证每位学生都能把全部精力投入到学习中去。面对学生的不理解，面对一些冷言冷语，他没有放弃，而是用自己的执着和热情让
别人
了解辅导员应该做什么
，并
通过及时召开班委会、班会、走访学生等形式，及时全面
地
了解学生动态。面对毕业生毕业前纪律松散，就业目标
不明确
的情况，
他
一方面强调组织性、纪律性及学业的重要性。另一方面，通过多种方式，多种渠道收集毕业生的就业政策、就业信息，以及求职技巧等信息，及时
把信息
传达到每位同学，使学生了解就业形势、就业政策，在思想上排出疑惑，找准方向，确立自信，为
本
学院的就业工作打下一定基础，同时也稳定了毕业班同学的思想，维护了教学秩序。
二、
奉献爱心，服务学生成长成才
周浩现担任
2018级5个班共220人
的
辅导员。学生工作事无巨细，人数多，工作繁琐，且一个人要带两百多个学生，这一切
都
让辅导员这个原本看起来简单的工作在实际中变得异常复杂。但周浩十分喜欢与大学生打交道，
他
对辅导员
工作有强烈
的责任
心
，他希望通过自己的努力帮助正处于人生最重要阶段的大学生成长成才。从做辅导员的第一天起，他一直在路上
：
在检查早操晚自习的路上，在检查到课出勤的路上，在检查宿舍的路上，在
带领学生社会实践
就业工作的路上，在和学生谈心谈话的路上，在争做一个优秀辅导员的路上。
作为一名辅导员，周浩始终怀揣
着
一颗对学生、对辅导员工作的
赤诚
之心，把学生的实际需要作为自己工作的出发点。每个学期开始，他都主动找学生谈心谈话，通过与他们的谈话，他了解到不同学生的不同特点和最新的成长烦恼和发展需求，从而在工作中制定相应的工作策略提高工作的针对性和时效性。
在
“90后”、“00后”为主体的大学校园里，会出现同宿舍学生个性强，相融性差，宿舍关系紧张的情况，对于每一个有矛盾的宿舍，他从不轻视问题，也不夸大矛盾，通过“畅通的信息渠道了解情况，耐心倾听加以开导，必要
时心理介入
，合理的团体辅导融合，及时告知家长关注
”等合情合理的方式，帮助每一个存在矛盾的宿舍能第一时间解决问题，从而消除其他方面的隐患。
2019年，周浩在检查
工商管理学院
18级
某男生宿舍收缴
大功率电器
时
，引起该宿舍某
男
生不满，言语
较为
恶劣
。
周浩沉着冷静，并没有当着
学生面
指责该
男
生，而是事后单独找其谈心谈话，动之以情
，
晓之以理，告诉
他
违规使用大功率电器有可能发生的危险情况
。在做学生工作的时候，
总有那么几个学生不满意，周浩老师会深入到学生中去，通过班委和学生沟通及时了解情况，引导学生树立正确的人生观，做人做事的方式方法，安抚不满情绪，化解危机，及时有效
地
解决问题
，
营造了和谐安定的学习生活环境。
同时，他
根据学
校
工作要求，举办宿舍文化节，文明宿舍评比
等
丰富多彩的活动，打造了
“美丽的高职和谐之家”，
等
宿舍文化品牌，使
宿舍
舍友之间、
学生
之间都能够
友
好相处。
三、扎实做好
社会实践及
就业工作
作为工商
管理
学院
2015级毕业班辅导员，学生毕业就业是
头等
大事，周浩认真贯彻落实学校的各项工作要求，超额完成学校确定的
签约率
目标，
教导
学生养成良好
的
工作态度和择业标准，教育学生认真工作，脚踏实地
地
做好每一件事。
每年暑假
，周浩老师会
带领一部分学生去参加社会实践工作。既锻炼了学生
的
沟通交际能力，又提高了学生的适应能力，应急能力，处理问题的能力。社会实践工作之前，周浩老师会深入到学生中去，认真了解每一位学生
的性格
，发挥每个人的优势，选拔有能力的学生加入
社会实践工作
团队，团队组建完成后，他会给
学生们
进行培训
、
实战模拟，使学生更快
地
了解
社会实践工作
，更大
地
发挥个人优势。暑假期间
，周浩和参加社会实践的学生们同甘共苦，一同战胜实践中的
艰难险阻
，学
生们都很尊重他、爱戴他，同时也很佩服他，他工作忙时有可能一天没有吃饭，有时候会工作到半夜，甚至凌晨
1、2点才睡觉休息。心系学校工作，一点都不敢马虎偷懒。有时候会一天往返于学校和
社会实践地
之间，路上开车要
5个小时，带领学生来校参观、讲解
、
接待全程下来，下午还要开车亲自把学生安全
地
送回当地
。他
为学校的发展和学生的成才贡献
着
自己的力量。
四
、
学无止境，不断求索
作为学生的辅导员，不仅要做好学生
的日常
管理工作，还要做好学生的思想政治工作，了解学生的思想动态
。
要想做好学生的思想政治教育工作，首先要有一定的人格魅力，在各方面
必须
严格要求自己，牢记
“身教胜于言传”。
周浩老师
在工作
和
生活中，始终严格要求自己，维护教师的良好形象。
在
本职工作领域，
他
不断学习，努力提高自身的理论水平，及时发现工作中的不足之处，不断改进工作方式方法，增强工作效果。周浩认识到随着科技的进步，当前的大学生思想发生巨大变化，且时间段变化快，每一时、每一刻飞速发展的科技进步，以及社会上发生的事情，都会给学生的思想带来很大的冲击，直接影响
到
学生的人生观、世界观、价值观。他清醒
地
认识到目前学生思想政治工作的重要性和复杂性，通过学习积极探索新形势下的学生思想教育，有针对性
地
开展各种活动，正确引导学生的思想。如针对目前高校毕业就业盲目的情况，及时向学生介绍就业形势、就业政策，引导学生树立正确的人生观，价值观和世界观，从而建立正确的择业观。
作为一名辅导员就意味着付出与奉献，收获的最大喜悦莫过于取得的点滴成绩
。周浩相信，
学生的不断成长，是对一名辅导员最大的激励与鼓舞。
作者：工商管理学院

宣传处

编辑：赵珣

编审：魏本江


",,13,https://www.suet.edu.cn/info/1026/2622.htm
我校学子在第三届山东省大学生智能控制大赛中荣获二等奖, 发布时间: 2019-07-08,"
第三届山东省大学生智能控制大赛
”近日在潍坊科技学院举行
，
我
校
初赛有
16项作品报名参加 “3D打印项目”，最终四项进入决赛，荣获二等奖1项,三等奖3项。
本次
大赛由省科协、省教育厅、省委高校工委、团省委、省发改委、省经信委、省人社厅联合主办，潍坊市科协、寿光市科协和潍坊科技学院承办
。大赛
积极响应国家
“人工智能”发展的重要战略，紧紧围绕“智慧农业”主题，设置了采摘机器人、自平衡智能车、机器人全能对抗赛、无人机、无人驾驶智能车、人工智能创新创业赛、人工智能表演展示、3D打印等共8个参赛项目，吸引了来自中国海洋大学、山东大学（威海分校）、山东科技大学等51所高校参加，共计403支队伍，1200余人进入决赛。项目涉及领域广泛，内容丰富，充分展示我省高校在人工智能控制领域教学、研发和应用的最新成果。
作者：机械工程训练中心


南庆霞

编辑：赵珣

编审：汪少龙
",,13,https://www.suet.edu.cn/info/1026/2619.htm
做一名有态度、有温度、有高度、有深度的辅导员, 发布时间: 2019-07-08,"
——记工商管理学院优秀辅导员郭小凡事迹
郭小凡，女，中共党员，
2014年毕业于青岛农业大学。
现任山东工程职业技术大学
工商管理学院辅导员，负责
16级会计4个班近220名学生的日常管理工作。
作为忙碌在高校思政工作第一线的工作者，作为新时代学生工作的青年力量，
她
在平凡的岗位上不断成长
，
实现了从学生到教师的转变，同时也在不断地通过学习和总结探索属于自己的学生工作方法。
2016年和2017年
她
连续两年荣获优秀教职工称号；
2016年9月所带连队被评为“学生军训优秀连队”；所带班连续获得优良学风班及先进班集体
称号
。
“
纸上得来终觉浅，绝知此事要躬行
”。
歌德曾经说过
，
“
真正的智慧，都是曾经被人思考过千百次，但要想使它们真正成为我们自己的，一定要经过我们自己再三思维，直至它们在我个人经验中生根为止
”。
所以
，
所谓真知，是必须在实践中得到的
。
何而为师，也大概只有真正融入学生，并付诸无尽的真心才能称得上。从事辅导员工作让
她
更好
地
理解自己，更好的表达，也更接近真知。
严格是精准的标尺。学高为师，德高为范。辅导员的一言一行，是学生群体的旗帜。我们严格要求自己，学生才能够自觉地规范自己的言行；我们认真对待某项工作，学生才能认真执行。在他们的心中，教师是先知先觉者，是胸中的偶像，行动的
“字典”，是漫漫人生路上最可信赖的引路人。因此，作为辅导员，生活中
她
也时刻规范言行，严于律己、以身作则、为人师表，为学生树立生活和学习的榜样。
热爱是最好的老师。要做好辅导员工作，必须发自内心地爱这项工作，爱自己的学生。自觉
地
、
心甘情愿地
为工作、为学生捧出赤诚的心，为事业献上火热的情。我们总要把人生中的很大一部分时间花在工作上，而热爱将是最好的内驱力。作为一名辅导员，我们必须面对细致而琐碎的工作，将完整的一天划分成不同的小单元，而热爱是最好的力量。去爱每一个学生，
“爱”是取之不尽的方法，“爱”是用之不完的动力，“爱”是做好辅导员工作的根本。
学习是最好的导师。
“
士不可以不弘毅，任重而道远
”，
近年来，辅导员作为一种职业在逐步专业化。工作中，
郭老师
不断提升自己的专业素养，遵循大学生身心发展规律，丰富科学管理手段，尽量用专业的知识去解决学生的实际问题。坚持教书与育人相结合、教育与自我教育相结合、政治理论教育与社会实践相结合、解决思想问题与解决实际问题相结合、教育与管理相结合、继承优良传统与改进创新相结合的原则，切实加强和改进大学生思想政治教育
工作
。学生成长、成才是一所大学的基本目标，作为学生健康成长并成为全面发展的优秀人才的重要引路人和辅助者，明确职业的定位，不断提升专业素养，才能做得更好。
大道至简，幸福往往在你特别努力做一件事情的时候发生，所以在
她
的认知里，用心去做就会有特别的收获。我们在学习和经历中不断改变，在知识和专业技能不断改变的同时，也会带来一种心态上的改变。这些改变可能不等于经验，但这些改变可以带来思考，思考是完善的开始。辅导员的工作归根到底是做人的工作，大学生的个性日益突出、面对的生活环境日益复杂，这些都决定了辅导员工作要因事而化、因时而进、因势而新。只有不断的学习、实践，才能与时俱进、保证工作的针对性和科学性。只有始终以育人的爱心、责任心、进取心，才能领跑好高校思想政治教育工作的
“最先一公里”，做一名有态度、有温度、有高度、有深度的辅导员
！
作者：宣传处
工商管理学院  编辑：
赵珣
编审：魏本江

",,13,https://www.suet.edu.cn/info/1026/2620.htm
我校举办本科专业负责人说专业评议活动, 发布时间: 2019-07-09,"
为做好职业本科试点工作，规范本科教学秩序，提高我校人才培养质量，结合《关于开展
“加强学风建设、打造活力课堂”活动的实施意见》，7
月
9
日，我校
在卓越楼党员活动室
举办了
本科专业负责人说专业评议
活动。参加本次活动的有副校长张有志、校长助理钮平章、教学督导、各院部负责人及分管教学副院长、教务处相关领导、
10个
本科专业负责人
、全校教师及教务处相关人员。
活动前，每位
专业负责人
都认真对待，积极投入，精心准备。说
专业
过程中，
专业负责人
围绕着专业定位
、
人才培养模式
、
核心课程改革与建设
、
实践教学
、
专业教学团队
、
校企合作
、
专业实训条件
、
人才培养质量
、
专业建设成效
、
专业特色与创新等方面，以轻松自如的教态和富有感染力的语言进行了生动的演说。
评委们对于
10个专业负责人给予高度的评价和认可，并提出了一些颇具建设性的意见和建议。
通过此次活动，提升了专业负责人把握专业建设内涵和课程改革与建设的能力，进一步明确
了
“深化产教融合、校企合作”建设理念。同时
，
各专业
负责人
相聚一堂，相互交流，取长补短，
有利于
促进我
校
专业建设整体水平
的
提高。
作者：教务处

朱宏雁

编辑：赵珣

编审：汪少龙
",,13,https://www.suet.edu.cn/info/1026/2616.htm
播种希望  传播知识  收获幸福, 发布时间: 2019-07-09,"
——记鼎利（互联网+）学院
优秀
教师姜坤
事迹
姜坤，讲师，
2014年起从事教师工作，现为
山东工程职业技术大学
鼎利
（互联网
+
）
学院机电一体化专业
、
工业机器人专业任课教师。曾在
2018年获得“鼎利教育研究院优秀讲师”的荣誉称号。
姜坤
老师
对待教学不敢有丝毫懈怠。因为
他
明白，一点点
的
错误都将可能影响学生的将来，而且教师如果没有扎实的
知识和
技能，空有一腔热情是没法完成教书育人这一使命的。为了增强自身
的
教书潜力，
他
虚心向其他经验丰富的教师请教，多看、多听、多想，潜心研究教材教法，用心参加教师培训，聆听专家报告，吃透教材编写意图，潜心研究教材教法。认真对待每一堂课和每一个教学环节，经常针对某一个问题查阅
很多
的
教学
资料
。
每次上课前，
他
都要反复研读教材，备好课案，熟悉讲稿，目的是让同学们
更好地
理解新知识
，
牢固
掌握新知识
。
在教育教学过程中，
他
制作课程实施资源包，潜心研究教育教学理论，不断探索创新，积累了丰富的教学经验，逐步形成了新颖、自主、独特的教学风格。
“师者，所以传道受业解惑也。”
姜坤老师
本年度为了提高自身的业务素质，整理编写了大量试题库案例及教学资料，并应用于实际教学中。在当前全面推进
职业
教育改革中，依据
UBL3.0教育教学理念，以超级混合式构建教育紧密衔接产业的人才生态系统。采用“把项目转换为教学案例”的表现形式，“实训+实习”的教学形态，“做中学”的教学方式。通过仿真案例及实训，积累
了
真实的项目经验为模式的自主探究学习方式，注重培养学生的创新精神和实践能力。古人云：授人以鱼，不如授之以渔。因此，在教学
中他从
不要求学生死记硬背简单的理论知识，反复机械地模仿例题，而是注重学法指导，重视实践分析，积极创设真实
的
产业案例，进行探究性教学，启发学生从不同角度去思考问题，从而锻炼了学生的思维能力，提高了学生发现问题、解决问题的能力。教学中遵循
“因材施教”的教学原则，进行分类推进、逐层提高教学，采用有效的教学方法，既让优
秀学
生
“吃得饱”，又使
接受能力较差的
学生
“消得了”。一份耕耘，一份收获
，
2018年
他
出色地完成了各项教学任务，教学成绩显著。
姜坤
老师说：
“我热爱着这份给我心灵以宁静的职业。在这个浮躁的社会，人们总是在追逐浮华和名利中迷失了自我。但是教师这份职业让我拥有了一颗平常心。春发其华，秋收其实，有始有极，爱登其质。是的，选取了这份职业，我便要尽心尽职，有始有终，无私奉献，无愧我心也就足矣。”
作者：鼎利学院

文化宣传处

编辑：赵珣

编审：魏本江
",,13,https://www.suet.edu.cn/info/1026/2617.htm
刻苦钻研  专注提高  孜孜追求卓越人生, 发布时间: 2019-07-09,"
——记鼎利
（互联网
+
）
学院优秀辅导员赵冲事迹
赵冲
，山东工程职业技术大学鼎利
学院
辅导员，团总支书记。
2016
年
8
月参加工作以来，他一直努力
地
提高自己的专业
知识和
能力
。
因为
他
相信业精于勤荒于嬉
，
天道酬勤
。
他始终秉持着教师就应该不断提高自己这样才能更好地教育学生的理念
，
多年来他始终如一
地
坚持学习与辅导员
、
任课教师相关的知识
，不断积累工作和教学经验
。
一、
关心学生
，做学生思想的引路人
担任辅导员后，他不仅注重对于学生身体状况的关心，同时注重了解学生的心理状况。对于一些比较内向的
学生
，他经常和他们谈心，了解他们内心的真实想法，鼓励他们，帮助他们解决内心的担忧
和疑惑
。正因如此，他所带的班级的学生都
十分开朗
，也
十分
积极主动
的
学习，整体成绩比较理想。
记得他管理的班级里有一个叫张静
的学生
特别内向，就算站在
老师
面前，都不敢
主动上前
打招呼，学习上也因为
太
内向，不敢和老师交流
，由此
出现一些问题没有及时得到解决。
在深入
了解这位
学生
的情况
后
，他找到了张静，委婉地问了张静一些问题，从她的回答中了解
了学生的具体情况
，最后给了张静一些建议，并且鼓励张静
要多和
老师交流沟通。这次的交流取得了良好的效果，张静走出了自己的小小世界，
并
开始
学会和老师
同学们
更好地交流沟通。
二、
专业知识扎实，专业水平过硬
担任辅导员以来，他渐渐地意识到自己的知识水平
还需要进一步提高
。他也明白如果长期不学习，
自己的
能力就会下降，只有不断地学习，不断地提高自己，才能适应社会发展的需要。在工作之余，他经常会阅读与辅导员相关的书籍，
通过书本
了解一些资料、案例。遇到一些难以理解的理论知识，他就积极和其他老师进行讨论。他深知，只有把这些理论知识理解地更加透彻，他才能在实践过程中灵活运用起来。担任辅导员以来，他一直严格要求自己，从未放松懈怠。他也明白，一时的懈怠就可能是永远的懈怠。
通过不间断的学习，
他的专业能力越来越强，对待辅导员的工作也能够游刃有余。
但他仍不满足，努力争做省级高校优秀辅导员。
三、思想觉悟高
，
政治信念坚定
他努力学习
新思想、新理论
，让自己在思想上更加充实。坚定树立制度自信、理论自信、道路自信和文化自信。自觉树立政治意识、大局意识、核心意识和看齐意识。始终坚持拥护中国共产党的领导，学习、传播党的路线方针和政策，践行党的群众路线。对于这些理论知识，他都会加以深入的思考，尝试对这些理论理解地更加透彻、全面，并且能够把这些理论
运用
到辅导员
工作
的实践中去
。
作为一名
大学
辅导员，必须胸怀
远大
理想，坚定自己的理想信念，不忘初心跟党走。
“
生命是一场回味悠长的过往
”
，作为教师，他们必须在自己年轻的时候提高自己、充实自己，为教育事业、社会的发展贡献自己的一份力量。这样，在他们老的时候才不会因为虚度年华而悔恨，不会因为碌碌无为而羞耻。在未来的日子里，他会继续提高自己的专业水平，端正自己的思想态度，坚定自己的理想信念，开拓进取、求实创新，争做新时代最美教师！
作者：鼎利学院

文化宣传处

编辑：赵珣

编审：魏本江



",,13,https://www.suet.edu.cn/info/1026/2618.htm
累与快乐并行，爱与奉献同步, 发布时间: 2019-07-11,"
——记我校
机械工程学院
优秀辅导员
袁辉事迹
袁辉，男，现任山东工程职业技术大学机械工程学院辅导员。国家二级心理咨询师、国家高级志愿填报规划师
。
从
2013年10月参加工作以来，怀着对学生思想政治教育事业的憧憬与热爱。深深体会到“辅导员老师”的光荣所在，也深知要当好一名辅导员，就必须爱岗敬业，教书育人，为人师表，时刻以“德高为师，身正为范”这八个字提醒自己，用爱托起明天的太阳，用专心、
爱心
、
诚心
，把青春献给教育事业。辛勤耕耘在学生教育和学生管理工作的第一线，从开始就是本着关心学生、帮助学生的理念，成为学生心中的大家长。
服务意识和合作意识

做好专职辅导员工作
在近六年的辅导员工作中，
他
始终保持着高度的责任心、高昂的工作热情，以爱心、耐心、细心结合
的
服务意识
，
开展有声有色的辅导员工作。热爱学生思想政治教育工作，也深知这项工作的重要性。学生工作是繁琐的，袁老师却把它当成了生活的乐趣。一方面，
他
注重学生良好学习风气的培养。对学生党员和学生干部，除要求他们做到学习与工作两不误
外
，号召学生干部们充分发挥模范带头作用，改善全班的学习风气。另一方面，
他
及时把握学生的思想动态，真心为学生排忧解难。时刻保持对特困生、沉迷于网络的学生、成绩较差的学生和有心理障碍的学生等几类特殊学生群体进行建档并开展个别跟踪教育。在取得同学们的充分信任的同时，也取得了优异的成绩，在所带班级中，也形成了良好的班风学
风
，有效地配合院校开展各项学生活动，深得同学和老师及学院相关部门的好评。
把
创新精神注入班级管理

用
先进理念指导学生活动
在学生工作中他用心做好四个方面：一是
牢固树立基层意识，密切关注班级学生动态，强化与班级团支部的沟通联系，开展面向班级、面向专业的活动，引导广大同学共同进步。
二是
加强班级管理建设工作
；
15级带班人数200余人，其中专升本班成绩尤为明显，46名同学在专升本过程中通过41名，通过率高达89%。
他
非常重视班风建设，规范、完善班级管理的相关制度，
15级数控（3+2）班级也荣获“山东省省级优秀班级”荣誉称号。
三是
加强学生创新创业意识，在
2017年6月，班级优秀学子参加
了
中央
教育电视台《
少年工匠
》栏目
3D打印技术的录制，提升了同学们
的创新能力
，开拓了视野。
2018年12月，班级优秀学生代表马文科荣获“国家奖
学金
”。
抓学生政治思想工作

润物无声寓教于乐
学生来自祖国的四面八方，
有着
不同的环境，不同的教育方式，形成各自为伴，行动自由，不受约束的行为模式。在管理过程中就需要狠抓行为规范，强化校纪校规教育。
他
制
定
班规班训，并要求学生写下最为欣赏的名言警句作为座右铭
，
张贴在课桌上，提醒自己，规范行为，不断进步
；
同时积极组织开展系列主题班会：
“学会求知，规划人生，走向成功，报效祖国”、“爱心、责任心、自信心”三心教育，引导学生树立正确的世界观、人生观、价值观，
加强了
班纪班风建设。
积极探索
创新班级管理模式
在担任辅导员后，
他
紧密结合大学生的特点，积极探索新的学生管理模式。建立了家长微信群、发放了新生服务卡，通过网络加强学校和家长之间的交流，及时把学生的在校表现情况向家长反馈，让家长参与管理和教育工作。还充分发挥班干部、学生会干部、宿舍长的作用，引导学生自我教育和自我管理。从而形成了社会、学校、家庭和学生有机结合的
“四位一体”管理新模式。
总而言之，在工作中
“累与快乐并行，爱与奉献同步

”，在近六年的专职辅导员工作中，最大的体会就是“累得快乐”。所谓“累”，就是辅导员这份工作是非常辛苦的；“得”，就是辅导员在工作的同时也从学生们身上得到了支持、理解与信任，在工作实践中迅速提高了个人能力；“快”，就是在辅导员工作中逐渐学会了协调个人生活和工作的关系；“乐”，就是参加工作至今，把每天与不同学生打交道当作最快乐的事。
他
深知：没有学生们的支持，没有
“累得快乐”，也
就
不会有今天的成绩和荣誉。
作者：机械工程学院

文化宣传处

编辑：赵珣

编审：魏本江

",,13,https://www.suet.edu.cn/info/1026/2614.htm
恪尽职守，全心服务学生, 发布时间: 2019-07-11,"
——记
我校
机械工程学院优秀教师刘冉冉事迹
刘冉冉，女，现担任山东工程职业技术大学机械实训中心科长，是我省省级
“数控技术教学团队”的主要成员，是省级特色专业“数控技术专业”“机电一体化专业”师资队伍主要成员，是教学的研究与实践荣获省级教学成果一等奖及荣获省级科学技术一等奖的主要成员,是山东省老教授协会专家团成员，是山东省科学技术协会会员。
全心
全意
服务学生
刘冉冉
老师自
任职以来一直承担《数控编程加工原理》等
6门课的主讲任务，认真备课，
科学施教
。如：同学们进行实训操作的时候，她会把数控车床在操作的过程中需要注意的各个方面进行讲解。避免了教学事故的发生，对学生的安全也是一种负责。机械创新竞赛和高职学院技能竞赛是我
校
学生积极参与的重要赛事。为了让学生更多地体验动手的
“设计感与创新感”，
她
常常利用周末的时间让学生们练习数控机床操作和播放她收集的机械创新设计作品。在教学过程中，根据课程特点和高职教育培养的要求，采用有效的教学方法：如多媒体教学法、归纳教学法、现场实践法、虚拟车间仿真法等现代化教学方法。课堂上采用启发、引导、讨论等教学模式，鼓励学生多查阅资料，多设计方案，多动手操作，多验证效果。从
2008年至2017年，
她
指导的学生在历届山东省机械设计创新大赛中均获得一、二、三等奖的好成绩。如全国
“挑战杯”高职院校创新创效创业大赛中荣获一等奖、全国机械产品创新设计大赛中荣获二等奖等。在让学生掌握理论知识的同时，还注重培养学生的团队精神、创新思维、职业素质和动手能力，
使学生真正成
为高
素质技术
技能人才
。
教学质量工程
结
硕果
刘冉冉
老师积极开展教科研活动，
不断探索教育教学问题。近两年先后在国家级等核心期刊发表学术论文
4篇。在省级精品课程《数控加工生产性实训》、《机电创新设计技术》中担任主讲教师，是我省省级“数控技术教学团队”的主要成员之一，是省级特色专业“数控技术专业”“机电一体化专业”师资队伍主要成员之一。
她
连续五年指导学生参加
“山东省大学生机电产品创新设计竞赛”、“山东省职业院校技能大赛”和“全国大学生机电产品创新设计大赛”等，在各类大赛中表现突出，多次荣获优秀指导教师称号
。
为了结合我
校
学生的实际情况，让学生把理论和实际操作很好的联系在一起，使
学生
能够更好
地
去理解和学习
，她
先后出版教材、实训指导书
6部
。她所在的
部门连续两年被评为
“济南市青年文明号”
。她发明
国家实用新型专利有
8个
，
连续
5年被评为
学校
优秀教职工，
2015年
成为学校
“特聘教师”，2018年
被
评为
学校
副教授。
在
校企合作
项目中
展雄姿
为
提高自己的教科研水平
，她参与了校企合作
科研项目的研发工作
，主要
负责
图纸设计工作。如：
科研项目
“矿井安全门”现已在济南钢铁技术有限公司投入使用，并多次排除险情；“抽油机防偏磨减载器驱动装置”现已在胜利油田投入使用，为油田大大降低了成本，提高了生产效率；济南奥迈技术有限公司校企合作项目《雕刻加工中心》、《视频钻》
项目
，
已
于
2009年投入生产；北京九陆医疗设备有限公司《微量元素测试仪》
项目，研发成果已在医院投入使用；
滨州市正道机械制造有限公司《盐环生产线研制》
项目，研发成果已在企业生产中投入使用，并大幅度提高了生产效率
。
在教学过程中
，她
充分运用企业的真实产品和现代化教学手段提高学生的学习效率和兴趣
，
真正实现了
“教、学、做”一体化。
自
2009年先后为中国重汽集团的学员开设“数控机床故障诊断与维修”培训
7
期。作为该班的辅导员很好的为该班学员做好了后勤保障与服务工作，得到学员的一致好评。同时，也掌握了企业的新型管理模式和生产技术要求，以备在课堂上能让学生尽早了解企业的需求
，
为学生将来的工作奠定了基础。
乐观向上，友善待人
在生活上，她能够严于律己，诚实守信，
友善
待人
。她
具有勤劳、正直、忠诚和负责
任
的品
格
，
是一位
有同情心
、
事业心的新时代青年。
在生活当中
,她能够与同学们进行心灵上的沟通,和他们及时的进行交流,和他们谈心,交朋友,做知己。能够对他们目前所面临的学习问题、生活问题及时地提出合理的建议
。
在生活中
,同学们亲切的称她为“冉冉姐”。
她生活态度乐观向上，积极参加学院活动。她秉承着
“低调做人”的原则，努力用积极的心态去感染、带动周围的
人
，努力帮助其他同事共同进步。
作者：机械工程学院

文化宣传处

编辑：赵珣

编审：魏本江
",,13,https://www.suet.edu.cn/info/1026/2615.htm
真诚如饴  甘润学生成长, 发布时间: 2019-07-12,"
——记我校
机械工程学院
优秀辅导员
吉发秀
事迹
吉发秀，女，中共党员，现任
山东工程职业技术大学
机械工程学院辅导员，心理咨询老师。在
多
年的辅导员工作中，吉发秀
老师
认真负责、任劳任怨、踏实肯干，在工作中思路清晰，活动立意新颖，上下关系融洽，创造性
地
贯彻上级组织分配的任务
，
她的工作得到了学校领导和师生的充分肯定
。
一、
勤抓班风学风建设，建设优秀班级
在学生管理工作中，吉
老师
从以下几个方面进行班风学风建设：
1.
用心关爱每一名学生
，
吉
老师
基于不同年级的学生特点，能够有针对性
地
开展工作。对刚刚迈进大学校园的新生来说，他们思想单纯，可塑性强，
对
辅导员来说，这正是开展各项工作的黄金时段。她从思想和学习两方面进行积极引导，帮助他们端正学习态度，明确学习目标，使
学生
对大学生活有一个整体规划，不虚度自己的大学生活。入学教育开展的如何，关系到学生今后三年的学习、生活及自我发展。所以，她对新生的入学教育非常重视。对高年级学生，主要是抓学风。学习是学生的天职，大学生必须以学为主，始终把学习管理工作作为工作的重中之重，坚持不懈
地
抓学风建设，把它作为学习管理中永恒的主题。吉
老师
对每一位学生
都
充满爱心，真正从内心爱他们
、
关心他们，使每一位学生感受到学校和老师的温暖，使班集体真正成为团结向上、充满温暖、有极强凝聚力和战斗力的集体。
2
.
重点培养学生干部，不仅在实际工作中给学生干部以锻炼的机会，而且充分发挥他们的主观能动性与工作的积极性。
3
.
努力营造积极和谐的宿舍环境，通过活动增强班级凝聚力，鼓励大家互相学习、互相帮助、取长补短，这样就在班级形成了一种比学赶帮超的局面，使班级呈现出积极向上的良好班风和学风。
二、以素质教育为中心，培养学生全面发展
品德是立身之本，能力是生存之道。她结合自身的专业特长，经常开展丰富多彩的
文化
活动，成功策划和组织不计其数的节目、晚会，
均获得师生的良好评价
。多个活动的举行，不仅挖掘了学生的潜力，增强了班级凝聚力，更拉近与用人企业的距离，扩大了学院在社会的影响力。尽管这些活动需牺牲个人大部分的休息时间，但她总是任劳任怨，因为她相信，每一个学生都是一只雄鹰，羽翼丰满才能翱翔寰宇。在社会
发展
日新月异的今天，大学生作为社会人，面临着多重压力，存在着各种各样的心理问题。作为辅导员老师，
她
深知守护每位学生
的生命安全
，是最重要的职
责
。
三
、刻苦钻研，不断提升个人素质与业务水平
通过工作实践，吉
老师
清醒的认识到，辅导员是学生的引路人，
“要给学生一碗水，首先自己要有一桶水”。每天面对
各种各样
的学生问题，如果在日常的工作中不注重个人的学习，不提高思想道德修养和业务水平，就很难当好辅导员，更谈不上成为一名优秀的辅导员。所以她一直非常注重加强自身学习，提高自身的理论水平和综合素质。
吉
老师
在
日常的
工作中
,积极向优秀的同事请教，更加认真探索学生管理的创新道路，把各项工作做得更好，用实际行动诠释 “关爱、责任、激情、合作”，倾其所有，全力以赴，真正做到了让学生满意，让家长满意，让社会满意。
作者：机械工程学院

文化宣传处

编辑：赵珣

编审：魏本江
",,14,https://www.suet.edu.cn/info/1026/2612.htm
教书育人  无私奉献, 发布时间: 2019-07-12,"
——记我校
机械工程学院
优秀教师
张凯
事迹
张凯，男，山东工程职业技术大学机械工程学院工程训练中心科长，讲师，中共党员。自
2010年起在教育一线辛勤耕耘至今，在平凡的岗位上兢兢业业、努力工作，他
以
强烈的事业心和责任感，用爱心和智慧，换得桃李满园。
在
与
张老师的谈话中，我们感受到了一个词
“爱”
。
在日常教学中，张老师时时刻刻把
“爱”
放在工作的首位，教书先育人，育人要育心，对每一个学生
都
能够以最大限度做到因材施教，尤其是
经常犯错的
学生，首先做到尊重学生，对学生的每一个成功都给予鼓励，当学生犯错误时绝不姑息。张老师从事的是实践教学，他深知学生在就业过程中，核心竞争力还是技术，每次课程开始前，他都会跟学生讲技术的重要性，
在社会上如果没有
一技之长
就会
寸步难行
。
在学习过程中，
他
及时跟学习积极性不高的
学生
沟通，争取不让一个学生掉队
。
很多同学提起张老师，首先想到的就是严厉，王同学说：
“在张老师的课堂上，没有学生逃课，更没有学生走神睡觉”。张老师说，要让家长交的每一分学费都换成知识还给学生。
作为一名大学教师，张老师非常注重自身业务水平的提高，在九年的教学工作中，他多次
指导学生
参加各类技能、创新竞赛，
学生
获得国家级创新设计竞赛二等奖
3项，省级一等奖4项，省级二等奖5项，省级技能竞赛三等奖1项
。他
获
得
山东省机械工业科技进步三等奖
2项，
发明国家新型个人专利
6项
。他
参与了企校共建工科专业
-智能制造、数字制造技术职业技能实训中心改造提升项目、济南市资源共享课《3D打印技术与实训》建设、省级资源共享课《数控技术》建设工作，先后发表论文4篇。他用一项项成绩为日常教学打下坚实的基础。在指导学生参加大赛的过程中，很多学生不仅学到了受益终身的知识技能，还培养了创新精神，为今后的工作铺平道路。
张老师
说：
“
德高为师，身正为范，对教师来说，修养是教育的载体，境界是教育的起点，人格是教育的风帆。
”
作为一名中共党员，在政治素质方面，他忠诚党的教育事业，认真学习落实执行党的教育方针。在教学工作中，他热爱学生，积极解决学生遇到的各类难题，在日常管理工作中，他勇于奉献，注重团队协作，跟同事互帮互助，严于律己，宽以待人。张老师说
：
“作为知识的传播者，必须成为一个德才兼备的人，才能成为别人的典范”。
一支粉笔，两袖清风；三尺讲台，四季风雨。教师是平凡的，却是知识的播种者
，
教师是普通的，却是航程的指引者
。
埋头奉献，润物无声，他以崇高的信念和严谨的治学作风，
帮助学生健康成长顺利成才
。
作者：机械工程学院

宣传处

编辑：赵珣

编审：魏本江
",,14,https://www.suet.edu.cn/info/1026/2613.htm
学高为师教书  身正为范育人, 发布时间: 2019-07-13,"
——记
我校信息工程与艺术设计
学院优秀教师李娜事迹
李娜，女，中共党员，工程硕士，本科毕业于山东艺术学院，青岛大学工程硕士。
她
工作十二年来始终心系学生，情系教育，以学生的思想教育，学风建设为工作重点开展工作，注重发挥学生干部的作用。
她
所负责的班级学生多次在省级以上艺术比赛中获奖，个人多次荣获学校
“优秀教职工”“优秀共产党员”等荣誉称号。
作为一名中共党员，她积极参加政治学习，关心国家大事，坚决拥护党中央的正确领导，坚决执行党的各项方针政策，作为党支部书记能够积极圆满的完成党总支交给的各项任务，日常生活中时刻以党员的标准严格要求自己，起到了模范带头作用，并于
2008、2009、2010、2011、2013年获得校级优秀共产党员称号。
她于
2007年至2008年兼任2007级建筑工程学院各专业的辅导员，2008年担任建筑工程学院学工办主任，后专职于教学艺术类基础课程。
在学生工作中，她坚持以学生为第一位的理念，积极做好学生的各项工作。做到了
24小时不关机，24小时为学生服务。制定并采取了切实可行的措施，针对各年级各班学生中存在的一系列突出的有代表性的问题进行思考，针对他们每一个班级的特点做工作，并取得了良好的效果。注重做学生的思想工作，密切关注每一个学生的心理活动，尤其是班级中的贫困生和有心理问题的学生，及时加以引导和谈心，让学生在心情愉悦的状态下完成自己的学业。在学生突发事件中，能在第一时间及时作出相应的处理。在各学年的奖学金评定中本着“公平、公正、公开”的原则进行各项奖项的评定，最终顺利的完成了每一学年的奖助学金评定，领导和学生满意度较高。她
热情为毕业生服务，
通过班会对学生进行就业指导，
帮助
他们制作个人简历
，传授
应聘技巧
，
通过各种渠道联系就业单位，让学生有更多的就业选择空间。
在教学工作中，她于
2008年至今先后承担了《素描》、《色彩》、《构成基础》、《动画影片画面赏析》、《招贴设计》、《装饰图案》、《photoshop CS3》等数门课程的讲授工作。她认真钻研教材，了解教材的结构，重点与难点，掌握知识的逻辑性，并补充相关资料。了解学生原有的知识储备容量，采取相应的措施因材施教。有序地组织课堂教学，注意信息反馈，和学生积极互动，调动学生学习的积极性和主动性。课堂上讲练结合，当堂课程当堂巩固。做好学生的课后辅导工作，针对不能按时完成课堂作业、抄袭作业等问题，抓好学生的思想教育，使班级
形成
了良好的学风。
她
积极参加校内有关教学研讨活动，不断汲取他人的宝贵经验，提高自己的教学水平。
2014年9月发表论文《浅析美术教育中的创作理念》，2014年10月发表论文《基于现代设计教育视角的中国传统造物研究》和《论高职艺术基础课程的设置》。2011年至今先后参与省级科研立项《光的可持续艺术-探讨城市景观照明的生态美》并结题完成；校级科研立项《基于动漫专业高职教育学生实践技能培养的研究与对策》、省级科研立项《基于体验时代的产品设计幽默属性研究与应用》申报成功并按进度进行中。
她
积极参与组织实验室的建设，完成了
4个画室的教具储备工作，能对软件实验室设备和软件及时维护和更新，做到课堂有求必应。实验室承担了校园绘画大赛，动漫设计大赛、广告设计大赛、环艺大赛等的相关工作，赛前的积极准备工作为大赛的顺利进行做出了强有力的保障。
根据
学校
领导的要求与安排，配合与辅助
学校
领导完成了《旅游工艺品设计与制作》、《广告与会展》、《建筑装饰工程技术》
3个专业的申报材料准备并申报成功，完成了这三个专业的人才培养方案制定工作中数据核对和相关课程的修订工作。自担任基础课教研室主任以来，根据每个艺术专业的方向不同，积极进行基础课课程的改革，使基础课的教学更加具有专业性。分别完成了2007级、2010级、2011级、2012级4届毕业生的毕业论文指导和毕业离校工作，做到了毕业生满意安全离校。
在
今
后的工作中，她
表示
将继续加强
政治理论和
专业知识学习，积极参加
教学改革和
教科研
活动，
继续提升自己的
政治素质和
教学水平
。
作者：信息工程与艺术设计学院

宣传处

编辑：赵珣

编审：魏本江

",,14,https://www.suet.edu.cn/info/1026/2610.htm
勤勤恳恳 踏踏实实, 发布时间: 2019-07-15,"
——记
信息工程与艺术设计学院
优秀教师李艳霞事迹
李艳霞，
2005年7月毕业于吉林艺术学院动画专业，同月任教于吉林艺术学院动画学院，2006年8月来到
山东工程职业技术大学
工作至今，现任信息工程与艺术设计学院动漫教研室主任。从教
12年以来，怀着对教育事业的热爱和对学生的责任心，时刻以教书育人的理念警醒自己，工作中严格要求自己，充实自己，更新知识，改进教学方法，为学生答疑解惑，在平凡的工作中做出自己应有的贡献。
洒下爱心

收获快乐
在工作中她始终认认真真、兢兢业业，关心学生，做到为人师表，把全部精力投入到对学生的培养和教育工作中。自从走上三尺讲台她就明白肩上的担子，一头担的是义务，一头担的是责任。两个心房，一个装的是良心，一个装的是爱心。她扪心自问时，问的是良心，她倾情付出时，洒的是爱心。她讲课都是在实验室中进行，每到冬天，实验室里很冷，看到学生们冻得用手搓哈热气，她看着很心疼，于是给学生买来了烧水壶和暖手宝。她在带
13级专业课时，班上有一名很勤奋刻苦的学生但是家境不好，当她知道他想在宿舍画画没有专用动画透台时，自己便掏钱买了一台便捷式透光台送给他。从此以后，每天他都会把她的讲桌擦的干干净净，让她感动的是别人给这个学生的巧克力、水果，这个学生都会拿给她，然后每次她再偷偷放回到学生的包里。
作为一名教师她热爱自己的职业。
2012年6月动漫作品大赛，由于时间紧任务重指导动漫作品的教师只有她一人，在学生没有手绘基础，上交作品时间不到一个月的情况下，她开始加班加点指导学生，一天能休息的时间也只有两个小时，白天指导学生，晚上要把学生的故事画出分镜头与原画草图。交上作品后，她输了三天液。不过令人欣喜的是她指导的学生最后获得一等奖两项，二等奖两项，优秀奖三项。
每当接手一个新班级，面对着不同的学生，她努力寻找她们身上的闪光点，不偏爱，不歧视任何学生，关心关爱每一个学生，让每一个学生都能在课堂上展示自我，在手绘实践制作中找到自信。她始终坚持
“多一点耐心，多一点爱心，多一点理解，多一些鼓励”，使优秀学生变得更加优秀，点燃接受能力差一些学生学习的希望。由于班上的学生没有手绘基础，在教课的过程中她都是逐一指导，手把手教学。在讲课的基础上再给他们一些启发，让他们制作的动画镜头慢慢完美。画作品的过程是枯燥的，然而拍成视频后就有成就感了。因此在实验室里学生竟然对她说他们中午不回宿舍休息，因为天太冷怕回到宿舍在暖暖的被窝里就不想再回来，她听了感动地说不出话来。学生的这种精神使她在教学上对自己要求更为严格，在给学生准备动作与场景制作中更精益求精。有时学生会问她，一周集中3天的课不够用能不能再加课时，她很欣慰，于是她平时没课的时间都会在实验室等着想学习的学生。正是有这样的学习态度，学生们一批一批地走向社会，成为设计公司的顶梁柱，她感到无比的喜悦和欣慰。
精心耕耘

收获成功
教书育人是教师的天职，但教师如果没有扎实的教学技能，空有一腔热情是没法完成教书育人这一
神圣
使命的。
“兴趣是最好的老师”。每次上课之前，她都认真钻研教材，吃懂、吃透教材，精心备好每一节课，要求自己不断地创新教学方法。她尝试运用不同的教学方法，让学生都能在课堂上快乐地学，学得快乐。在著作论文方面，她独立编著了一本教材，
在
国家级
期刊上
发表了一篇论文，
在
省级
期刊上发表了
4
篇论文。主持省级科研课题
5
项，参与省级重点科研项目一项，主持校级科研项目一项，参与校级教研项目一项。
2012年在山东省首届职业院校美术与设计专业技能大赛中
获
“优秀指导教师”
荣誉称号
，
2013年获得“济南市青年技术创新能手”的称号，
她的作品
获得国家二等奖两项，国家三等奖一项，省级一等奖一项，省级二等奖两项，省级三等奖三项，校级各类奖项十余项。
一份耕耘，一份收获。在教育这片土地上，她付出了，她快乐了，她收获了。
低调淡薄

升华人格
法国作家罗曼罗兰曾说过：
“要播撒阳光到别人心中，总得自己心中有阳光。”在和谐校园大环境中，她与同事和睦相处，与科室老师团结协作，她宽容待人，时刻规范自己的言行举止，她在用实际行动证明自己。
“路漫漫其修远兮，吾将上下而求索”。作为一名教师，任重而道远，而她只是千万教师中最普通的一名，她将继续向前辈们、向优秀的同事们学习，刻苦钻研，不图名利，脚踏实地地做好教书育人工作。
作者：信息工程与艺术设计学院

宣传处

编辑：赵珣

编审：魏本江
",,14,https://www.suet.edu.cn/info/1026/2609.htm
牢记立德树人 做学生满意的教师, 发布时间: 2019-07-16,"
——记
信息工程与艺术设计
学院优秀教师许艳春事迹
许艳春
,信息工程与艺术设计学院教师，中共党员，副教授, 高级计算机装配调试员。自2005年山东轻工业学院计算机科学与技术专业毕业后，到山东
工程职业技术大学
任教，在教育岗位辛勤耕耘至今。现任信息工程与艺术设计学院信管软件教研室主任。作为一名青年教师，她热爱教育事业，对工作执着追求，在学校领导的培养和同事的帮助下迅速成长。在平凡的工作岗位上始终把教书育人贯穿在工作中，得到了领导、同事和学生的一致好评。
牢记立德树人

做学生满意的合格教师
教师的职责是教书育人，从踏上工作岗位的第一天起，
“学高为师，身正为范，立德为首，育人为本”就成为她教育事业的格言。
作为一名党员，她严格按照党员标准去要求自己，树立正确的世界观、人生观和价值观，努力做新时代合格的共产党员。她积极参加党组织的各项活动，虚心接受同志们的批评，注意在实践中改正自己的缺点。同时，个人能保持非常激昂的工作热情，每天总是以饱满的激情投入工作，提高工作效率。
作为一名教师，时刻以一名老师的标准来严格要求自己，关心学生，爱护学生，坚持
“
为了一切学生，为了学生的一切，一切为了学生
”
的宗旨
，
让学生快乐的成长、学习。
她
把
这一
教育理念融入到平时的教学工作之中。虽然教授的大部分学生专业基础知识等方面相对薄弱了一点，但学生们都有着一颗质朴纯真的心，也正是这样，他们更需要老师的关爱与帮助。时刻关爱学生，走进学生的情感世界，把学生当作朋友，去感受他们的喜怒哀乐。她深知爱学生，要以尊重为前提，要做到严中有爱、严中有章、严中有信、严中有度。从不嫌弃对待后进生，注意从思想上、学习上多关心、多辅导。
教师的一举一动、一言一行都直接对学生起着潜移默化的作用。应努力培养学生成为积极向上、勇于创新、不怕困难、对人以诚相待、有同情心和责任感的全面发展的有用人才。她深刻认识到，加强教学管理，抓好教学质量的重要性，能按时根据学院要求制定出信管、软件专业教学计划、人才培养方案，及时下发教学相关文件。在教学管理工作上兢兢业业、一丝不苟。作为一名任课教师，每节课提前十分钟到教室，备课充分，作业做到全批全改，认真仔细找出每一个问题，真正做到身体力行，潜移默化影响学生，为学生树立榜样。
练就一身本领

勇挑教学重担
许
老师任教之后，以
满腔热情全身心地投入到教学工作中去，但经过一段时间的躬身实践后，深知干教师的不容易，加上自己参加工作时间短，教学经验少，教学方法不灵活，对教学质量的提高带来了一些不利的因素。针对以上情况，她首先认真学习了《教育学》、《心理学》、《大学教学法》等有关教学理论知识，以提高自己的学识水平，并把学到的知识运用到教学实践中去；其次虚心向有经验的老教师学习，取人之长，补己之短；同时还积极参加各级组织的教研培训活动，进行观摩交流。
教学工作可以说是一项常做常新，永无止境的工作。社会在发展，时代在前进，学生的特点和问题也在发生着不断的变化，为了更好地进行教学，除了坚持参加学校举办的学习培训外，她还利用大量的业余时间学习了解新课程的教育理念。在教学中先读教材，对教材作深入细致的钻研，了解教材的结构，掌握知识的逻辑，准确把握教材的重难点。然后根据学生心理特点和班上学生的实际知识水平，制定恰当的教学目标，选择合适的教学设计方案。工作几年来，她先后承担了《计算机文化基础》、《软件工程与测试》、《数据结构》、《数据库原理与应用》、《面向对象程序设计》等多门课程的教学任务，得到师生的一致好评。
作为一名教师，动手能力必须要强。她常利用空闲
时间
动手编写应用程序，深入理解程序语言的编写特点和技巧，并在教学中注重学生动手能力的培养，上机时给学生布置实际的操作题目，亲自指导，遇到问题帮学生找出出错原因并解决。指导学生参加各类技能和创新大赛，取得省级以上奖项
10项，并获优秀指导教师称号。2012年被
学校
评为教学能手，
2013年被
学校
评为十大师德标兵，
2015年被
学校
评为特聘教师（关键岗）。
置身教改教研

屡创喜人佳绩
不搞教研的教学，是没有生命力的教学。所以一直以来，她都在研教材、研大纲、研教法、研学生。有时为了探讨教学中的某个问题，她会查阅多本教学资料，请教多位同事，或者上网查询，当课程改革大潮涌来时，及时转变教育观念，投身到更广阔的教改教研天地中。在教学过程中，以研究者的心态，置身于教学情境中，以研究者的眼光审视和分析教学理论和教学实践中的各种问题，对自身的行为进行反思，对出现的问题进行纠正，对积累的经验进行总结，并不断拓展创新。在课改中进行磨炼，力求实现由
“教书匠”向“研究者”的角色转变。
经过十
多
年的教学工作，不断研究、改进教学模式、教学手段。突出针对性和实用性，体现教学自身特点，强化学生在解决实际问题中的分析能力和系统开发能力的培养。以必需、够用、实用为原则，淡化原理的探究，注重结论的应用。尽量做到既有系统性，又具有实用性。她认为应采用以基本概念和理论为基础、应用为手段、能力训练为目的的教学方式。相应地，教学过程也分为三部分：首先，教师课堂讲授基本概念、原理和方法；其次，学生上机练习各种基本操作；最后，用一个相对独立的项目来培养学生的综合应用能力。在教学过程中，积极引导，鼓励学生课外继续学习，尽可能熟悉项目的设计方法。
在正常的教学工作之外，她
还
挤出时间，进行教学科学研究。参与《我国高职院校软件技术专业学生职业能力培养研究》、《基于
CDIO高职<计算机文化基础>课程教学改革的探索与研究》等6项省部级以上教学研究课题；主持并参与《山东凯文科技职业学院论文管理系统》等院级教学研究课题2项；主持参与《基于数据挖掘的学生成绩的分析与研究》、《基于灰度图像的答题卡识别系统的设计与实现》等7项院级科研基金；主编教材《计算机文件基础》和《计算机文化基础项目化教程》；主持和参与《计算机文化基础》、《C语言程序设计》等三门校级精品课程的建设；主持建设校级软件技术特色专业。公开发表《高职网络教学的授课模式与提高》、《高职高专论文管理系统的研究与开发》等8篇论文。申报并获批《一种多功能电脑桌》实用新型专利和《基于WIFI的电子设备连接控制管理软件》、《嵌入式移动指纹采集识别软件》等四项软件著作权。
她深知要想在学生管理、学生教育方面做出更大的成绩，让学生飞得更高更远，还有很长的路要走。但她相信只要扑下身子，一心为了学生，一心为了热爱的教育事业，不断学习，不断创新，就一定能取得更好的成绩。
作者：信息工程与艺术设计学院

宣传处

编辑：赵珣

编审：魏本江
",,14,https://www.suet.edu.cn/info/1026/2608.htm
怀揣教师梦想，誓做逐梦之人, 发布时间: 2019-07-18,"
——记我校基础教学部优秀教师张桂华事迹
张桂华，女，中共党员，副教授
，
现任山东工程职业技术大学基础教学部副主任
。
2007年7月毕业于山东建筑大学大学英语专业，从教12年来，
奋战在教学、科研一线，
兢兢业业
、无私奉献，
深受学生喜爱，由于英文名字是
“Emma”,被历届学生亲切地称为“爱玛老师”。
怀揣教师梦想，誓做逐梦之人
从小到大，张桂华老师一直
都
有
一
个梦想
，那就是
长大要做一名老师，如今，作为一名党员教师，张桂华老师对教师这
个
身份
有了自己的理解：
多年来，张桂华老师的脑海中常常会浮现出一个画面
-----一名小学生在放学后认认真真打扫完卫生，待其他学生都离开教室后，用稚嫩的小手拿起粉笔，踮起脚尖在黑板上写下满满一大黑板稚气未脱的字，脸上满是庄严神圣，这个小学生就是张桂华老师。从小学到大学，张桂华老师做老师的理想从未改变，
怀揣伴她长大的
教师梦
，
2007年7月，张桂华老师毕业于山东建筑大学英语专业，面临工作抉择时，很多同学毕业选择去外贸公司当白领，可她的毕业求职简历上求职意向只有一项----英语教师。8月，张桂华老师如愿成为了一名高校英语教师。
作为一名人民教师
要事事处处
都要
做到
“让付出发自内心，让奉献成为本能”，
多年来这句话一直被张桂华老师奉为
14字真言，有付出就有收获，张桂华老师
在平凡的工作岗位上教书育人，做出不平凡的成绩
。
不忘
“师德初心”
，
永怀
“仁爱之心”
“师者，传道受业解惑也”。
“师德初心”指的是对于教师这一职业的热爱，以及由这份热爱外化而成的育人动力，多年来，正是这份热爱和动力支撑着张桂华老师砥砺前行。
所谓
“传道”指的是传授、教育道德观念，即是时下所说“思想教育”。
然而，作为一名英语教师，张桂华老师始终坚信立德树人人人有责，德育工作绝不仅仅是思政教师的任务
。
从教
12年来，张桂华老师呈现给永远是积极向上的一面，传递给学生的永远是正能量
。
她
始终以引导学生树立学习目标、明确学习方向、养成学习习惯为己任
，
她
始终坚持守时
守信
，言传身教身体力行，用实际行动
帮助学生
为后期走上工作岗位
培养自己的综合素质。
所谓
“授业”指的是
传授给
学生适应
工作
、适应社会的理论知识
和
技术技能。
从教
12年来，张桂华老师时刻谨记一句话----当老师是一个良心活。为了能做到真正意义上的授业，张桂华老师始终坚持课前充分备课，课中利用先进教学方法得心应手，课后持续跟踪积极反馈
，
用实际行动诠释了
“要想
给学生一杯水自己需要准备比一桶水更多的水
”
。
所谓
“解惑”指的是为学生解开困顿、迷惑。
这既要求教师知识广博，更要求教师对学生有仁爱之心
。
从教
12年来，
面对教师与学生沟通存在的难题，张桂华老师有自己独到的
见解和方法，她用自己的爱心和耐心打开了孤僻孩子
紧闭
的
心门，
让别人眼中内向的孩子
敞开
了
心扉
，
因为她始终坚信：
爱心是融化坚冰的火种，
只要老师对学生
坦率真诚
，
又有谁会对爱说不呢？
多年来
，
张桂华老师怀着对学生的
仁爱关怀之心，帮助
无数
学生解开心中困惑走上
了
正确人生道路
。
2013年，张桂华老师被评为
学校的
“师德标兵”。
力求内外兼修，
笃信
“学高为师”
作为一名教师，张桂华老师
坚持
终身学习的理念，自始至终努力在各个层面提升自己
。
1.
优化学历学缘，提高专业水平
。
作为一名高校教师，张桂华老
师深知教学与学习一样如逆水行舟，不进则退。为提升自身综合素养与学历水平，
2011年
她
考取了山东师范大学的在职教育硕士，
4年求学过程中，
她
努力平衡工作和学习之间的关系，期间经历怀孕生子等人生关口，克服一切重重困难在
2015年6月顺利取得硕士学位。同年11月，张桂华老师申请山东省教育厅出国访学项目
并
成功获批，于
2017年9月至2018年4月赴加拿大渥太华大学访学半年，成为学校第一位访问学者。
2.
注重科研攻关，
提升
综合素质
。
作为一名高校教师，张桂华老
师深知科研与教学是教师专业发展的两条生命线。
12年来，
她
十分注重提升科研能力，深入进行科学研究，在科研的道路上不断摸索前进，科研成果从最初的空白到现在取得了一些成绩，
截至目前，张桂华老师
主持校级及省部级课题
11项，主编教材3部，发表论文5篇
。
3.
提倡以赛促教
，坚持教学相长
。
自从事教学工作至今，张桂华
老师一直担任应用英语专业学科带头人，负责校内英语专业精品课程的建设开发，带领英语教师团队进行学科建设
，
负责学生技能大赛指导工作。
12年来，
她
注重积累教学经验，积极研究教学方法，坚持教学相长
。
2013年，张桂华老师在山东省高校微课程教学比赛及山东省高校青年教师教学大赛中均荣获“二等奖”，
她
指导
的
学生
获
全国高职高专英语口语、写作大赛省级三等奖
4项。
从走上讲台那一刻到今天，
12年以来
，张桂华
老师
始终
坚信
-
---
辛勤耕耘、无私奉献，
人民
教师魅力无穷。
在
未来的日子里，张桂华老师将继续
用
自己的
实际行动
践行
“
教好书，育好人
，
做好事
”的人生信条
，
怀揣着对教师这一职业的坚守和执着，继续用她的仁爱之心去照亮更多求知若渴的眼睛，温暖更多莘莘学子的人生征程。
作者：基础教学部

宣传处

编辑：赵珣

编审：魏本江


",,14,https://www.suet.edu.cn/info/1026/2607.htm
一份春华，一份秋实, 发布时间: 2019-07-19,"
——记我校汽车工程学院优秀教师张晓蓉
张晓蓉，女，中共党员，
2017年6月毕业于山东农业大学机械与电子工程学院农业机械化工程专业，获得工学硕士学位。2
017年
7月至今任汽车工程学院专任教师、汽车工程学院第一党支部宣传委员。
一、具有过硬的政治素质和极强的责任心
在思想政治方面，
张晓蓉以一个党员的标准严格要求自己
，积极参加单位组织的政治学习，努力提高自己的思想政治觉悟，严格遵守单位的各项规章制度。并担任
学院
党支部宣传委员，积极发挥党员的模范带头作用，认真完成领导交办的各项工作任务。
张晓蓉
始终秉承着
“志存高远，追求卓越”的校训，勤奋努力，服从领导安排，用爱心、细心、耐心和恒心对待学生。在工作和生活中，
她
为人踏实，严于律己，积极进取，团结同事，有大局观念和牺牲精神。
二、
努力钻研，不断提高
教
学
科研
水平
在教学方面，
张晓蓉
加强学习，不断提高自己的理论和实践教学水平。从教
2年
来
，
她
承担了
《发动机构造与维修》
、《发动机电控技术与检修》、《汽车机械基础》、《汽车舒适与安全系统检修》、《汽车底盘构造与检修》、《现代汽车技术》等课程的授课任务，总课时数为
7
50余课时；同时承担了
20
19年春考班《汽车机械基础》的授课任务。在
20
18
—
20
19学年第一学期
，带领学生备赛山东省
“汽车营销”大赛，通过此次参赛，
了解
了比赛的具体流程和评分标准，为后续的参赛打下了牢固的基础。
同时，
张晓蓉
教学上能充分利信息化教学平台，精心设计各教学环节，课堂上善于启发学生，让学生学有所用、学有所长，学为人师，行为示范，是
她
在其教学岗位中一直遵循的师德规范。
她
不断加强自身师德建设，用其高尚的人格引导学生，努力把学生培养成站着会说、坐着会学、蹲着会做的知识技能并重的
技术技能
人才，她尊重、关心每一个同学，学生也非常爱戴她。
张晓蓉
积极参加科研任务，虚心请教，不断提高自己的教科研水平，并取得了一定的
成
果。在校期间共发表论文
4篇，其中以第一作者发表SCI收录文章一篇。
常言道：要给学生一杯水，自己要有一桶水。
张晓蓉
深深体会到，在当今科研兴教，呼唤反思型教师、研究型教师的新形势下，作为一名青年教师，必须是不竭之泉，时时奔涌出清新的、闪烁着斑斓色彩的溪流。
张晓蓉
积极参加新教师岗前培训教育、山东省教师资格证考试等，并顺利通过培训及考试，提高了自身的教学能力。
“路漫漫其修远兮，吾将上下而求索”是
其
追求的境界。
作者：汽车工程学院

宣传处

编辑：赵珣

编审：汪少龙
",,14,https://www.suet.edu.cn/info/1026/2606.htm
奉献青春年华，无怨无悔, 发布时间: 2019-07-20,"
——
记我校汽车工程学院优秀辅导员
张学强
张学强
，现任
汽车工程学院团总支书记兼辅导员。
2012年-2015年
担任原技术学院
学生管理科
辅导员
。
2016年-2019年任汽车工程学院团总支书记、辅导员。张学强
自
20
12
年
9月担任辅导员以来，工作兢兢业业，扎实努力，
严格按照学校
团
委的要求，立足本职，爱岗敬业，勤勉务实，善思敏行，开拓创新，各方面工作取得了一定成绩。
201
3
年
、
2014年、
201
5
年
、
201
6
年
和
2018年先后荣
获学校
“优秀教职工”荣誉称号
，学校
“
社会实践工作优秀个人
”荣誉称号
。
2018
所负责的
汽车工程
学院团总支荣获
济南市
“
五四红旗团支部
”称号。
一、把立德为先、立人为本作为培养学生的根本目标



欲做事先做人是
张学强对
所带的学生的基本道德要求
。
班级家书文化的有效开展，让班级家的感觉更浓，让同学更加学会感恩，让每个人周围更加充满爱
。
每个学期，
他总
让同学
们
给家人写一封家书，把自己半个学期以来的学习情况汇报给家人，让家人放心，也让自己舒心
。
每个传统文化节日，
他
让同学给家人打个电话、发个信息，让家人感到温馨。同时，在班级管理服务过程中，
他
对班级出现的好人好事通过班会的形式及时表扬，对个人私心过重，不顾他人行为及时跟进，单独谈心，在维护学生自尊心的同时，让学生认识到自己的不足。
二、坚持以学生为本的思想政治教育，使学生具备正确的世界观、人生观、价值观

1
.
思想教育工作方面。在广泛调查的基础上，
张学强
针对大
一学生
出现的问题，以小班班会的形式对
学生
分别进行大学学习适应性教育、职业规划教育，收到良好效果；为学生的专业学习、专业发展做出有益指导；设计丰富多彩的文体活动，引导学生全面发展，先后
组织参加了学校的
诗歌朗诵会、演讲比赛、
歌手大赛、主持人大赛、一
·
二九大合唱等
比赛，负责策划了全校的
大学生文化艺术节歌手大赛
等多项活动
。
2.
日常管理工作方面。教育与管理相结合，日常管理严格落实
请
销
假制度，坚持每天宿舍归寝零汇报制度，晚熄灯巡查制度，每周定期检查宿舍安全卫生情况、上课出勤情况，并在班长团支书例会及网络平台上通报一周检查汇总情况；进一步强化班级建设，注重班干部的选拔、培养、教育，定期召开学生干部交流会，鼓励学生干部
深入
宿舍，一对一做好班级各项工作；关心家庭经济困难学生，关注弱势群体，公平、公正、公开的做好各项奖助学金的评选及发放工作。

3
.
做好大学生自我管理工作。结合其他老师经验，根据本年级具体情况
，
张学强
先后设计了班长团支书例会制度、班长团支书议事制度、班级轮值制度、学生日常行为规范档案制度、办公室助理工作制度、宿舍晚点名制度等等。
使
辅导员在一些活动中角色逐渐由决策者、管理者转变为策划者、引导者，配合建立完善的信息平台公示、讨论、反馈，培养学生养成良好的自律意识。

4
.
学风建设工作。虽然大学生的学习貌似与辅导员工作没有太大的直接关系，但是抓好学生的学习问题对其他各项工作的开展会有事半功倍的效果。
他
非常重视学生的学习问题，严抓学风建设，严格上课考勤，努力塑造良好的班级学风和宿舍学风
。
每到考试前一个月都会提前给班干部开会，将班级工作班级活动跟学习紧密结合起来，营造良好的学习氛围
。他针对
同学的疑问召开班级主题班会，引导学生转变学习方式，要开拓视野，学会学习，树立良好的自学意识
。他还
邀请专业老师，就专业学习与学生交流座谈，培养学生专业兴趣，指导专业学习方向
。
三、
善思敏行、开拓创新，紧抓学生精品活动，不断丰富学生工作的方法和内容

1
.
安全工作。安全问题一直是学生工作的重点，培养学生的安全意识也一直是
他
工作以来的重中之重
。他
经常深
入宿舍，设身处地的在大学生生活中查找安全隐患，教授防范技巧。
先后开展了
19项关于安全教育的专题活动。
2
.
心理辅导工作。努力健全学院心理健康教育
体系
，统筹做好学院学生心理普查及心理档案整理工作，及时掌握学生心理情绪状态，相对应的开展学生心理辅导和咨询。年初，
他
对本年级
学生
入学以来的心理情况作了一个调查，针对问题突出同学，分别一对一心理辅导谈话。组织感恩教育主题系列活动
，先后组织了
《致爸爸妈妈的一封信》、
母亲节诗歌朗诵会等活动，以感恩父母为主题的
“生命至高无上，安全在我心中”主题班会，中秋节带着浓浓亲情的“一封家书”活动，引导学生
学会感恩，
回馈社会
。
四、用心呵护，关注学生成长

1
.
注重
“弱势群体”心理引导
张学强
十分注重
对
“
弱势群体
”
的思想调查、思想教育以及心理调适和引导工作，特别是贫困生以及单亲家庭学生的思想引导工作。对于这类学生，深入了解学生的个体情况，加强与学生的交流，了解学生的真实需要，坚持用爱心解决学生的种种难题，并给予他们力所能及的帮助和指导，帮助他们树立自信，积极帮助其寻求就业机会。
2
.
学生资助管理
资助
家庭经济困难学生
，
无论是贷款的申请、贫困生的认定还是国家奖助学金的评比，都是非常繁琐的，因为这项工作不仅要深入细致的开展，而且还要注重工作方法。几年来，他根据新的文件精神，把每位申请贷款、贫困生认定、国家奖助学金的同学的家庭经济情况调查表进行比对，仔细核查，保证此项工作准确无误地进行。
（
1）做好奖学金评比和评优工作。学期初，定出各班奖学金比例情况，做好加减分的汇总工作，杜绝乱加分现象，认真细致搞好综合测评，及时上报学院。
（
2）做好国家奖助学金的评比工作，向学生公布评选条件，严格筛选，将最终结果予以公示，确保公平、公正、及时完成此项工作。
（
3)认真做好学院贫困学生的助学贷款的工作，了解情况，合理分配好贷款金额，及时解答相关的问题，保证学生顺利操作。
几年
来
，
他
所带的
1000
多名学生中，共有
150人申请生源地助学贷款，
7
人获国家奖学金、
15
人获省政府奖学金、
60
余人国家励志奖学金、
350
人获国家助学金。奖助学金认定工作未出现任何差错，学生满意度较高。
五、在辅导员的工作岗位上，奉献青春年华，无怨无悔
要当好大学辅导员很难，学生的政治思想表现，行为习惯、综合素质
，
以及学生生病，情绪低落、家庭经济困难等等，都必须要
有
爱心、责任心。
他
深知教师责任重大，教师的一言一行将会对学生产生深远的影响。
他
以校为家，不管课内课外，只要班上有一点儿问题，
他
都会及时地赶到现场了解情况
，
帮助解决，绝不拖延时间。
注意生活、工作的言行举止对学生的熏陶和引领作用成为
他
日常的行为规范
。
除了自我严格要求以外，
他
对自己所带的班级学生干部、学生会干部和学生志愿者的日常教育也是示范性工作的载体
。他认为，
充分发挥学生骨干力量的带动性，是学生工作成功的要素之一，也是良好班风、学风塑造的根本保证。
作者：汽车工程学院

宣传处

编辑：赵珣

编审：汪少龙
",,14,https://www.suet.edu.cn/info/1026/2605.htm
吴梦军校长出席“智能制造技术技能人才培养协作会”, 发布时间: 2019-07-22,"
7月18日至19日，“智能制造技术技能人才培养协作会暨高水平智能制造产教融合实训基地建设研讨会”在深圳隆重召开，
并
发布
了
《智能制造紧缺领域技术技能人才培养协作会深圳共识》。我校校长吴梦军和校长助理钮平章与来自全国各地的高等职业院校、智能制造企业、教育科技企业等
72家单位的150余位学者及行业专家齐聚一堂，就贯彻落实“职教20条”，深化产教融合、培养技术技能人才、打造校企命运共同体展开深入研讨
。
会上，吴梦军校长围绕
“高水平产教融合实训基地建设路径”的主题，同与会专家进行了深入探讨，她指出职业教育必须通过产教融合、校企协作之路来培养人才，实训基地培养学生的宗旨是学生毕业以后能够“无缝对接”、“零距离对接”企业发展的需要，这是目前职业教育
发展的必由之路
。此外，她介绍了山东工程职业技术大学的基本情况和本科层次职业教育试点工作情况，她指出作为全国首批本科层次职业教育试点工作院校之一，时代赋予我们的使命就是培养更多、更好的高
层次
智能制造技术技能人才，接下来学校也会继续沿着这个方向做更多的探索和规划，在智能制造高级人才培养之路上多做贡献。
此次会议，抢抓云、物、大、智、
5G等新技术带来的新机遇，是一场智能制造产教融合的思想盛宴，对促进智能制造领域教育链、人才链与产业链、创新链有机衔接，培养产业发展所亟需的复合型技术技能人才指明了方向、奠定了坚实基础。
作者：
党政办公室

王允芹

编辑：赵珣

编审：魏本江
",,14,https://www.suet.edu.cn/info/1026/2603.htm
一份耕耘，一份收获, 发布时间: 2019-07-23,"
——记我校建筑工程学院优秀教师韩蕾
韩蕾，女，
2007年毕业于山东建筑大学，2016年取得“建筑与土木工程专业”工程硕士学位，高级工程师、副教授。参加工作
多
年以来，潜心研究专业技能，多次参与国内外重大工程的实施，取得多项技术科研成果。进入学校工作后，踏实任教，成为
我校建筑工程学院
德才兼备的优秀教师。
在
2007年毕业之际，首先选定施工企业实习工作，2007年-2014年就职于山东莱钢建设有限公司。进入企业工作，经过不断学习和锻炼，逐步成长为企业的技术和管理骨干，先后担任工艺技术科副科长、质检科科长、国际工程部经理等职务。
2014年9月，因为出色的行业从业背景，韩蕾被
我校
聘用为专职讲师。进入教育系统，面对周围环境的转换，工作的压力骤然增大。她尽快调整心态，积极适应学校。
2016年6月
在
山东建筑大学取得
“工程硕士”学位。
五年的执教生涯，在领导的关怀、同事的帮助下，
她
以
“工程师”勤恳认真的工作态度，终于能胜任 “教师”的岗位要求，成为一名优秀的教师。2014年9月-2019年6月五个学年中，先后担任“钢结构工程施工”、“建筑力学与结构”、“工程招投标与合同管理”、“混凝土结构识图与钢筋计算”等专业课程的主讲教师。平均每学期教学超过400课时。
在
专业课
讲授
过程中能结合以往工程经历，给学生实际案例分析，较多
地
将理论与实践结合，拓宽学生思维，让学生更深入
地
了解行业现状。
2015年初，她开始担任建筑工程技术专业教研室主任
一职
，先后编制完成适应行业新发展方向的人才培养方案、课程体系和课程标准。为提高教学质量，她积极开展教研室活动，内容涉及教学准备、教学检查、教案规范、教学改革项目讨论、科研立项讨论、培训与讲座等内容。通过教研室活动，提高了教研室老师的工作积极性和教学水平，教学运行做到
“零差错”。建筑工程技术专业被评为“省级特色专业”，并通过了中期检查验收。2015年底建筑工程技术专业入选山东省教育厅“建筑类品牌专业群”。2016年，她作为骨干成员参与“建筑类品牌专业群教学团队”，申报省级优秀教学团队。通过多轮筛选、不断改进，最终获得山东省教育厅的立项支持。2016年6月，她发挥自身专业优势，紧跟行业前沿技术动态，与企业联合申报了横向科研项目“钢结构支撑体系在施工过程中的有限元分析”，获得山东省高等学校科技计划项目立项和3万元课题经费，填补学院在这一领域研究成果的空白。2016年12月，通过学校选拔，她代表学校参加参与山东省教育协会第五届教学大赛，获二等奖。2017年，主持编写的施工方案“钢框架支撑体系结构V型钢支撑安装工法”通过山东省住房与城乡建设厅评审，获得省级工程建设工法。2019年主持申报的教研课题
“职业本科院校土木工程专业人才培养模式的探讨”通过了专家评审，获得省级教学改革研究项目立项。
在管理学生方面，严格要求是她对学生的第一要求，无论是在学习上、生活上和纪律上，还是在活动中、交往中和假日中，她都坚持
“严格要求，严中有爱”的原则，为学生身心健康着想，让他们感受到学校、班级这个大家庭的温暖，主动融合到集体中来，主动参与建设维护这个集体。我校学生情况复杂，很多学生来自甘肃、东北等偏远地区，家境并不富裕。她在得知一些学生的实习或者就业单位难以落实的情况后，依靠自己多年来企业工作的阅历，积极给学生提供就业信息，帮助学生落实实习单位
，
解决就业困难。每次学校组织大型招聘会，她都会找到
学校
就业办公室的负责人，主动联系企业到学校免费组织招聘。
一份耕耘，一份收获。不懈的努力，全心全意工作的态度，韩蕾老师在教育教学工作中，取得了非常显著的成绩，得到了全体学生以及老师的好评。
在今后的工作中，
韩蕾老师
表示，要
不断
提升
自身的综合素质，勤奋工作
、
开拓进取，为学校的教育教学工作做出更大的贡献。
作者：建筑工程学院

宣传处

编辑：赵珣

编审：魏本江
",,15,https://www.suet.edu.cn/info/1026/2602.htm
兢兢业业，严谨务实, 发布时间: 2019-07-24,"
——记我校继续教育学院优秀教师刘静
刘静，山东
工程职业技术大学
专任教师，
研究生，
讲师。自
入职以来
，在教育一线岗位辛勤耕耘至今。
她
作为一名普通的教师，在平凡的岗位上，兢兢业业，严谨
务实
，努力工作，政治思想觉悟高，为人正派，作风朴实，具有强烈的责任感，始终把教书育人贯穿
于教育教学的全过程
，赢得了
学校
领导、同事、学生的一致好评。
思想素质良好，政治信念坚定
刘静老师思想政治素质好，理想信念坚定，能够正确地贯彻执行党的教育方针和各项方针政策，在大是大非面前立场坚定。自参加工作以来，她一直从事教学一线工作，教学工作热情饱满，积极配合完成
学院
领导交待的工作，表现出较强的组织观念和大局意识。
教学水平
较高
，热心教书育人
“师者，所以传道授业解惑也”。刘静老师一直承担继续教育学院自考本科会计专业
和部分技工类课程
的教学任务
，
先后讲授过的课程有《会计制度设计》、《资产评估》、《财务报表分析》、《中国税制》、《基础会计学》《会计职业基础》、《税收基础》、《现代企业管理》等，教学的基本工作量年均达到
420课时；不仅完成了教学任务，而且在教学工作中，本着“一课一评，在评中求反思，在反思中求提升”的原则，
在
学
校
2017年
度
第二届教师教学技能大赛中荣获二等奖，
2018年
度
第三届教师教学技能大赛中荣获一等奖。
在教学工作中，她能够做到把好教学环节中的每一关，工作态度端正，
在
备课过程中，严格按照自学考试课程教学大纲要求，努力钻研教材，制定授课计划，认真研究国考课程的历年真题，力求准确把握重点、难点，同时观看一些网络教学视频，从中学习别人的长处，查阅资料精心设计教案。在课堂教学中，她注重灵活地选择教学方法，
充分调动学生的学习兴趣，活跃课堂气氛，提高了课堂教学效率
，
受到学校督导和同行教师的一致好评。
在课后，她及时批改学生作业，经常
与学生交流
，
及时了解学生的意见和心声，征求学生对自己教学方面的建议或要求，
了解学生听课的情况，对问题比较集中的地方重点讲解，
她耐心解答、正确教育和
引
导，
帮助学生
掌握正确
的
学习方法，培养
了学生
良好的心理素质，
帮助学生
认真规划大学生涯，这些都为学生成长成才起到了举足轻重的作用。
除了课堂教学，刘静
老师
每年还承担了部分毕业生的论文指导
工作
。从
学生
选题、材料的收集、初稿的写作直到定稿的完成，她都做到仔细过问，悉心指导，让学生
能够
很快认识到自己的问题所在，使论文写作得以顺利完成。
服务意识较强，倾心专业建设
刘静老师为人谦和，与
同事们
打交道总是带着微笑，热心周到。
各项工作
，她都积极参与，
服务学生、帮助同事
。在学生的心中她是一位好老师，在
同事
的心中她是一位好
伙伴
。刘静老师倾心专业建设，在
职业
生涯中协助专业带头人完成
了
会计专业人才培养方案的撰写，专业类课程体系结构设计。
针对教师和学生，她分别进行了关于自考教学经验的分享以及教学指导的培训。在准备培训资料的过程中，进一步梳理了自身的教学过程、教学方法，不断总结反思，不
仅
锻炼了自己，对自身教学水平的提高也起到了很大的帮助作用。
积极进修学习，运用教学实践
为了能够更好地搞好教学和科研，提高教学水平，除了搞好本职教学工作外，刘静老师
还
积极参与进修学习，参加省市举办的各种培训，并利用空余时间进行会计职称的考试，提升自身
专业
水平。
2018年
她
参加
了
“
山东省职业院校
教师素质提高计划
信息化技能提升
”
省级培训，
完成全部培训内容并顺利结业。
学习
结束
后
她
及时将所学知识
在师生中分享
，并在教学中加以应用。
“春蚕到死丝方尽，蜡炬成灰泪始干”，是
刘静老师
人生的座右铭，正是由于这份信仰和热爱，让她在这三尺讲台上书写着美好的人生！
作者：继续教育学院

宣传处

编辑：赵珣

编审：魏本江
",,15,https://www.suet.edu.cn/info/1026/2601.htm
为人师表，身正为范, 发布时间: 2019-07-26,"
——记
我校
机械工程学院
优秀教师
程雅琳
事迹
程雅琳，女，山东大学机械设计制造及其自动化专业
2002级本科，山东大学机械制造与自动化专业2007级硕士，2010年6月获得硕士学位后进入
山东工程职业技术大学
任教至今。主要承担《工程力学》、《机械设计基础》、《可编程控制器应用技术》等课程的理论教学和《机床电气控制生产性实训》的实践教学工作。主持或参与多项教改课题及科研基金项目，参与编写教材及发表论文多篇，获得多项实用新型专利，担任多门省级精品课程主讲教师。
程老师自
2010年进入我校工作，爱岗敬业，把党的教育事业看成自己终身追求
并为之奋斗
的
事业。她
认真学习教育科学理论和新知识，努力提高
教书育人
的本领
，
在教学一线工作岗位上，勤奋踏实
地
做好日常教学和育人工作。为人师表，努力做大学生的良师益友，工作认真细致，关心学生思想、学习和生活状况，努力进取、积极上进，为学生答疑解惑，引导学生树立正确的人生观
和
价值观。
2018年4月获第三届教师教学技能大赛院级一等奖；2017年4月获第二届教师教学技能大赛院级二等奖；2017年3月年获校级教学能手称号；2016年6月获第三届山东省高校青年教师教学竞赛自然科学应用组 优秀奖；2016年4月第一届青年教师教学竞赛获院级一等奖；2015年6月山东省高校第四届青年教师教学大赛获院级二等奖；2014年12月获第二届微课比赛校级二等奖。2018年1月获职业资格证书维修电工二级证书；2011年5月获全国计算机辅助技术应用工程师证书。
程老师虚心好学，工作认真积极，团结同事，吃苦耐劳，不断提高自己的教学业务能力；高标准做好各项教学工作。在此期间积极参与各项课程改革，课程建设，提高了教学水平，并在各项比赛中为
学校
争得荣誉
：
“QJ-1型水样检测分析仪的研制”获2018年度山东省高等学校科学技术奖三等奖 ；“铝活塞铸造盐芯的自动化生产技术”获2018年度山东省机械工业技术与工艺创新大赛三等奖。2017年山东省大学生机电产品设计竞赛指导学生获省级三等奖；2016年齐鲁大学生机器人大赛指导学生参赛
获
省级三等奖。在工作上
她
兢兢业业，处处、事事以党员的标准严格要求自己，起到了一名中国共产党员应有的先锋模范带头作用。
在教学过程中，根据企业发展需要和学生就业所需要的知识、能力、素质要求选取教学内容；遵循学生职业能力培养的基本规律，以真实工作任务及其工作过程为依据整合、序化教学内容，科学设计学习性工作任务，做、学、教结合，理论与实践一体化，合理设计实训、实习等教学环节
。她
主持的《
PLC应用技术》课程项目化教学改革，将以往泛泛的理论教学内容按生产实践重新划分成电动机的星三角降压启动、电动机的顺序启动、交通信号灯控制、数码管抢答器、停车场空车位显示、用PLC实现手动/自动工作方式选择等子项目，与西门子STEP7-Micro/WIN编程软件及山东栋梁生产的可编程控制器的实验平台（搭载德国西门子PLC，CPU224）相结合，在教学当中加以实施，收到了较好的效果。
她主持多项
精品课程及教改课题：
2011年校级精品课程《机械设计基础》建设担任主讲教师
；
2012年山东省高等学校精品课程《机床电气控制生产性实训》建设担任主讲教师；2013年山东省高等学校精品课程《机电创新控制技术》建设担任主讲教师；2011年主持校内科研基金立项项目《复杂曲面加工精度预测与控制》；2015年主持《PLC应用技术》课程项目化教学改革；2017年主持教学改革研究立项重点项目“职业院校与应用型本科相衔接的课程体系建设与研究”；
在
2016年6月，获得“一种液压滑槽式抓取装置”和“液压手抓取装置”两项
实用新型专利
。
作者：机械工程学院
文化宣传处   编辑：赵珣   编审：魏本江
",,15,https://www.suet.edu.cn/info/1026/2600.htm
教书育人，做学生成长的引路人, 发布时间: 2019-07-29,"
——记我校基础教学部优秀教师王连友事迹
王连友，中共党员，思想政治理论课教学部教师。自
2008年
4
月
到
山东工程职业技术大学
任
教以来，一直辛勤耕耘在教育教学一线。
在
10余年的教学工作中，他始终以真诚的爱心对待学生，以满腔的
热忱
上好每一节课，以不懈的研究提升教书育人水平，以高度的责任感做好本职工作。
信念坚定，
永葆
共产党员
的先进性
作
为一名党员，王连友
老师
始终保持着清醒的头脑和坚定的信念。
严格遵守党章和党纪，认真履行党员义务，正确行使党员权利；作为一名教师，王连友
老师
深知，只有个人具备坚定的政治信念和高尚的道德情操，才能把握教书育人的方向。要做到这一点，就要不断学习
,在实践中贯彻党的教育方针。在日常的工作和生活中，他通过在线学习与线下自学等方式深入学习毛泽东思想、邓小平理论、“三个代表”重要思想、科学发展观
、
习近平新时代中国特色社会主义思想
和党的十九大精神
，在思想上、政治上、行动上始终与党中央保持高度一致。此外，他还
积极参与学校和院部党组织
开展的
各项活动，因表现突出
，
多次被评为
学校
“
优秀
共产党员
”、“先进党务工作者”。

教书育人，做学生成长道路上的引路人
百年大计，教育为本。教育大计，教师为本。作为一名思政课教师，
不仅要做好
“业师”，更要成为“人师”，能为大学生“释疑解惑”。把主流价值观和正能量传播到大学生的心田，是思想政治理论课教师的特殊使命。为此，课堂上，他注重马克思主义理论的真情传播，以人格魅力感染学生，以教学魅力吸引学生，以真情投入激励学生，以言传身教培育学生。电商班的一位同学说：“没有哪一门课，像它一样，给我如此多的启迪；没有哪一门课，能像思政课一样，给我如此多的思考；没有哪一门课，能给我如此多的感动。感谢老师，带我走过这一段让他终生难忘的学习生活！您的课很有感染力，永远充满了激情，永远澎湃着的是对党的热爱与忠诚，每次上课都能激发他们的拳拳爱国之情。老师，现在我真的信了，我信马克思主义，我信共产党。”旅游班的一名同学说：“从小到大一直不停地上思想政治教育课，但是能够真心去学习并喜欢这门课是在大学，喜欢您的课是因为您总是将课程和现实生活相连，与学生关注的焦点相连，喜欢您晓之以理、动之以情的讲课方式，您讲的道理不空洞，总是像春风化雨，滋润心田。您的课有启发、激励、唤醒和点燃，是通过打开学生心灵的窗户，使学生能够仰望星空，看到前进的方向。”
身正为师
倾
思政，潜心治学练本领
“
问渠那得清如许，为有源头活水来
”。王
老师
深知，做一个优秀的高校思政课教师，不仅要讲得出彩，还需讲得
“透彻”，优秀的高校思政课教师应具备多方面的能力和极高的综合素质。这其中，潜心研究的品质和能力不可或缺。
王
老师
是这么想，也是这么做的。
自
任教以来
，他就以
“教书育人、开拓创新”为己任，10余年一直在从事思政课的教学工作，始终坚持真学真懂真信真用马克思主义理论；真学，即认真学习马列主义、毛泽东思想、邓小平理论、“三个代表”重要思想、科学发展观、习近平新时代中国特色社会主义思想，时刻关注党的创新理论，既向书本学，更向现实学；真懂，即用理论解决现实中的问题，在分析问题中提高理论思维能力；真信，即坚守马克思主义理论教育阵地，坚定对马克思主义理论学科的自信；真用，即结合实际运用马克思主义，既体现在课堂教学上，又体现在科研成果中。既注重教书育人，又注重言传身教，坚持潜心问道与关注社会相统一，以自己的人格魅力、学士风范教育感染学生，始终坚守着“教书育人”的初心。
在
教学过程中，他特别注意与学生的交流，从中发现问题，通过课后的广泛阅读、仔细思考和认真研究给予解决，并多次在学校举办的青年教师教学比赛中获得二等奖。在教学实践中发现，科学研究是教师提高业务能力和教学水平的必由途径，浓厚的学术研究氛围是良好的育人环境的重要组成部分。因此，王
老师
在教学方面总是结合自己的科研优势，以科研促进教学，在教学中探索科学前沿和亮点。
扎实的学术理论研究工作，为
王
老师
更好地胜任高校思想政治理论课教学工作奠定了坚实基础，也结出了累累硕果。
先后发表《浅析中国思想政治教育史的发展》、《中国传统文化对高校思想政治理论教学的价值思考》、《基于手机媒体的大学生思想政治教育实效性探究》等教学研究论文多篇；参与《中国传统文化与思想政治理论课有机结合的探索》、《新时代下职业本科高校思政课程
123模式教学改革与实践》等多项省级、校级教科研课题多项，其中《中国传统文化与思想政治理论课有机结合的探索》获山东省职业教育教学成果二等奖。参编教材多部；此外，在课堂教学之外，王
老师
还积极指导学生申请创新创业项目和寒暑假社会实践活动等。
为人师表，做学生的良师益友
作为一名教师，他始终恪守
“学高为师，德高为范”，带着爱心走上讲台，带着激情面对学生，用真心真情诠释教师崇高职业的真谛，处处体现为人师表的人格魅力。他非常注重每一次在为学生解决实际困难中延伸的思想政治教育。工企专业的一名男同学因恋爱问题，情绪不高，对学习无兴趣，甚至与同学关系矛盾重重。他在课堂上发现这名同学心不在焉、总是无精打采，就主动走近他，通过谈心，帮助他解决了思想上的问题。他觉得，当教师帮助学生解决实际问题的时候，也是最能感动学生和影响学生的时候。教室里、校园中，每一次真情交流，为学生思想解惑，以正价值影响学生的思想和价值观，甚至影响他的人生，都使他体验到做思想政治理论课教师的尊严和价值。
春风化雨润桃李，一片丹心育后人。教师是一本最好的活教材。
正是在成为一名优秀高校思想政治理论课教师信念的指引和支撑下，为使高校思想政治理论课成为大学生真心喜爱、终身受益、毕生难忘的优秀课程，为培养中国特色社会主义合格建设者和可靠接班人，王
老师
10余年如一日，爱岗敬业、教书育人，刻苦钻研，在平凡工作岗位上，谱写着奉献人生的动人乐章。
未来的日子，他仍然会牢记教师的责任和使命，继续为神圣的教育事业奉献自己全部的力量。

作者：基础教学部

宣传处

编辑：赵珣

编审：魏本江
",,15,https://www.suet.edu.cn/info/1026/2599.htm
孜孜导员路   精心育生魂, 发布时间: 2019-07-30,"
——记我校机械工程学院优秀辅导员秦美娜事迹
秦美娜，中共党员，现任山东工程职业技术大学机械工程学院辅导员、
党总支委员、
学管科党支部书记、科长。她从
2011年参加工作以来，辛勤耕耘在学生管理和思想政治工作的第一线，她把自己的“情”和“爱”奉献给了学生，成为学生成长的领航人。
信念坚定

立德树人
秦美娜自加入中国共产党后，特别是担任党支部书记后，更加坚定了共产主义理想信念，并把实现个人理想与
“中国梦”紧密联系在一起，她在日记中写到：“我要做一名优秀的大学生辅导员，做一名优秀的思想教育工作者，为学生的成长保驾护航。”

在日常工作中，
她用党员标准严格要求自己，加强师德修养，为学生成长树立了良好形象
。
她重视学生的思想政治工作，通过发挥党支部的战斗堡垒作用和师生党员的模范带头作用，加强学生的思想道德建设。如通过班会，及时向学生宣传新形势、新政策，解答学生提出的各种思想问题。再如，通过开展
“向父母写一封家书”、“诚信教育”、“科技创新教育”、“社会志愿者服务”等系列活动，引导学生践行社会主义核心价值观，帮助学生树立正确的世界观、人生观、价值观。
积极探索

创新学管模式
秦美娜在担任学管科科长后，紧密结合高职院校大学生的特点，积极探索新的学生管理模式。她创建了自己的微信公众号
——“娜点事”，对学生身边的大小事进行剖析和点评，通过交流增进师生感情。她建立了家长微信群、发放了新生服务卡，通过网络加强学校和家长之间的交流，及时把学生的在校表现情况向家长反馈，让家长参与管理和教育工作。她还充分发挥班干部、学生会干部、宿舍长的作用，引导学生自我教育和自我管理。从而形成了社会、学校、家庭和学生有机结合的“四位一体”学管新模式。
育人为本

关爱学生
辅导员的工作是琐碎而平凡的，但却是最重要的。日常点滴的思想政治工作，往往在潜移默化中影响着学生的言行举止。在教室、宿舍和办公室里，人们经常看到秦美娜老师与学生促膝谈心的场景。学生有了思想、情感、生活等方面问题都愿意找她谈，她被同学们亲切的称为
“知心姐姐”。
2015年10月，一名学生不幸患有肾衰竭，病情非常危急。秦美娜了解情况后，及时安排学生住院，当她得知该生家庭非常困难时，一方面为学生跑医疗保险，另一方面倡议全校师生为其捐款，她还联合章丘电视台进行募捐宣传，累计捐款金额达一万多元，为生病学生解决了医疗费问题，该生和家长一再表示感谢。
忘我工作

无私奉献
了解高校情况的人都知道，做辅导员工作是非常辛苦的，他们需要
24小时住校，24小时不关手机，为得是在第一时间处理学生中的各类问题。
2014年9月开学后，怀有身孕的秦美娜，仍然选择了给新生班当辅导员，继续坚守在学管第一线。休完产假回校后的她，孩子还在哺乳期，辅导员每天中午不能回家，晚上查完宿舍会到很晚，怎么办？为了不影响工作，她毫不犹豫的把孩子接到学校，住进学生宿舍。在孩子一岁半的时候，她下狠心把孩子送回了烟台老家，一心扑在学生身上，当夜深人静的时候，她压抑不住思念孩子的心情。她把自己的“情”和“爱”都奉献给了学生，把陪伴孩子的时间都用来陪伴学生。
扎根一线


事迹感人
秦美娜对工作认真负责和无私奉献的精神，受到了学
校
领导和广大师生的普遍赞誉。
2014至2018年她
连续五年被评为
校级
“优秀教职工”
，
2013年荣获
校级
“十佳辅导员”荣誉称号
，
2016年指导学生参加“全国首届学宪法讲宪法”演讲比赛荣获优秀指导老师
，
2017年荣获“山东省高校优秀辅导员”荣誉称号。在连续
九
年的辅导员生涯里，她为学生的成长付出了全部的心血和汗水。她所带班级多次获得省市级荣誉：
2011级机电一体化技术2班、2013级实验班荣获省级先进班集体荣誉称号，2014级数控1班荣获“济南市优秀团支部”荣誉称号。
作者：机械工程学院

文化宣传处

编辑：赵珣

编审：魏本江

",,15,https://www.suet.edu.cn/info/1026/2598.htm
我校鼎利学院实施校企深度融合双主体育人模式, 发布时间: 2019-07-31,"
为了培养社会急需的高层次技术技能型人才，山东工程职业技术大学作为全国首批本科层次职业教育试点院校，不断加强内涵建设，持续推动校企合作深度融合，在与多家企业合作共建专业、共建二级学院方面已经走出了一条比较成熟的路子。
鼎利学院是山东工程职业技术大学与珠海世纪鼎利科技股份有限公司全面深度合作共建的二级学院。学院不断探索校企深度融合、发挥校企育人优势，双方在合作共建生产性实训基地、共同打造双师队伍、共建课程资源等方面进行了尝试探索，切实发挥了校企双主体育人作用。
鼎利学院成立两年以来，已经逐步形成了鼎利学院的特色优势，为培养行业
企业
所需人才提供了保障。
一、校企深度融合实现产教一体化
根据《国务院关于加快发展现代职业教育的决定》及《国务院办公厅关于深化产教融合的若干意见》等文件精神，我校加快推动职业教育改革，推动校企合作，
2017年与企业共建了鼎利学院。
教育部等六部门
下发
《职业学校校企合作促进办法》、《国务院关于印发国家职业教育改革实施方案的通知》、
山东

工业信息化厅、省财政厅
等部门下发
《关于办好新时代职业教育的十条意见》
、
国务院办公厅印发《职业技能提升行动方案
(2019-2021年)》的系列文件
之后
，
校企双方认真贯彻落实文件精神，结合
鼎利学院
的实际，不断深化校企合作工匠育人模式，
踏出了一条特色
发展
之路。
校企双方充分发挥合作优势，引入先进办学理念，通过资源整合，把产业项目转化为教学案例；依托生产性实训基地，承接具有行业代表性的真实项目；采用
“精讲多练”的教学方法
，
“边学习边实践，再学习再实践”的学习模式，培养行业所需的高
层次
技术技能人才。
比如我校的移动通信技术专业，在培养过程中，把行业标准纳入人才培养方案，移动通信平台运营维护实训中心的实训设备采用了华为的设备，并按照行业标准进行安装，实现了专业和产业对接、学习内容与工作内容对接、实训设备与
生产
设备的对接。
2019年1月，为了建成校内生产自动化车间，校企双方共同搭建了工业机器人自动化生产线，真正引入企业生产性项目，在校内建成了生产性实训中心，把真实生产环境搬进了校园，真正实现了产教融合，有力保障了我校工业机器人专业人才的培养质量。
鼎利学院一期项目校企双方共投入近
4000万，合作共建了包括工业机器人应用维护实训中心、移动通信平台运营维护实训中心、移动通信网络优化实训中心、移动应用开发实训中心、物联网应用开发实训中心、电子商务创新创业实训中心等6个实训中心。
二、校企尝试探索实践
“UBL教学模式”
鼎利学院
实施
由世纪鼎利教育研究院推行的
“UBL教学模式”。UBL教学模式由“教育云、产业云”构成，以超级混合式构建教育紧密衔接产业的人才生态系统。采用“把产业真实项目转换为教学案例”的表现形式，“实训+实习”的教学形态，“做中学”的教学方式。通过仿真案例及实训，积累真实的项目经验，让学生毕业即带有一年的工作经验走进职场，实现高起点、高薪资就业。
UBL教学模式把学生在校的学习过程分为技能储备、仿真实训、岗位实训、实习就业等不同阶段，每一个阶段都设有不同的考核标准，分别采用不同的教学方法，以期达到最佳效果。
比如鼎利学院的电子商务专业在人才培养过程中，把电商企业具体项目引入教学实训过程，采用真实平台，通过分组实训教学的形态，学生边做电子商务真实项目，边在企业导师的指导下进行实训，实现了
“做中学”。从2017年7月至今，鼎利学院在电子商务创新创业实训中心已成功开办“精英班”两期，培养电子商务实用型人才35名，并向电子商务行业发展领军城市如杭州、义乌等地输送优质人才，从事淘宝、天猫、京东、跨境电商运营等各大电商平台的运营、美工、客服工作，得到行业企业的一致认可。
三、校企共
建
双师队伍保障高质量教学
根据《中国制造
2025山东省行动纲要》、《山东省制造业“十三五”发展规划》、《山东省“十三五”战略性新兴产业发展规划》、《济南市十大千亿产业振兴计划》及《山东省新旧动能转换重大工程实施规划》等文件精神，本着立足济南，服务山东的服务面向，鼎利学院实时对专业进行了调整，设立了工业机器人技术、物联网应用技术、移动应用开发、移动通信技术和电子商务5个专业，分别面向高端装备、新一代信息技术和现代服务业培养高
层次
技术技能人才。
为支持专业人才培养，校企双方共同制定了《
“双师”计划培养方案》，并于2018年启动。通过校内实训中心培训和企业挂职锻炼相结合的形式，把专业项目培训、企业管理、企业文化培训、省级暑期教师培训和教师资格培训等项目有机结合，使我院校企教师双师比例增加到85%。
鼎利学院不断推动校企合作，产教融合，在两年的发展过程中，人才培养质量优势已经逐步显现：
17级蒋旭、刘雨峰、满孝通三位同学参加了2018年山东省职业院校技能大赛（高职学生组）“HTML5交互融媒体内容设计与制作”竞赛项目荣获省
级
三等奖；
17级计算机应用专业满孝通、周纪坤两位同学被选拔为全国“彩虹计划”学习的正式学员。
“校企合作，产教融合，共育良才”是职业教育发展的必由之路。我们坚信“校企合作、产教融合的发展道路必将越走越宽广！
作者：鼎利学院

薄金龙

编辑：赵珣

编审：魏本江




",,15,https://www.suet.edu.cn/info/1026/2597.htm
山东工程职业技术大学特色专科专业介绍——鼎利（互联网+）学院电子商务, 发布时间: 2019-08-01,"
1.
培养目标
本专业面向互联网和相关服务业、批发业、零售业等行业的销售人员、商务咨询服务人员等职业群，
培养
能够从事营销推广、运营管理、客户服务工作的高层次技术技能人才。
2.
主干课程
淘宝运营、速卖通店铺操作运营、店铺美工、
WISH店铺运营、京东店铺操作、摄影摄像、视频编辑、网络营销、客户服务与管理、电子商务数据分析与应用、移动商务。
3.
实训条件
电子商务创新创业实训中心配置了惠普一体机
100台，安装了电子商务师职业三级、四级教学资源系统、微擎移动营销系统、微擎移动商城与分销系统、微擎移动电商实验系统实训系统。建有青年创业实训平台、电子商务创业实战平台、企业经营基础模拟沙盘、供求关系管理模拟沙盘。同时拥有阿里巴巴、京东、亚马逊等真实店铺作为教学实训平台，能够满足电子商务专业（电子商务平台应用方向）淘宝运营、速卖通店铺操作运营、店铺美工、WISH店铺运营、京东店铺操作运营等专业核心课程的教学实训工作。
4.
优势特色
实训教学由使用模拟实训平台过渡到了真实平台实训。充分发挥校企合作优势，把阿里巴巴、京东、亚马逊等真实店铺作为教学实训平台，实现了教学平台与工作平台对接、实训内容与工作内容对接。学生在就业创业导师的指导下，分跨境电商、京东商城等五个方向，把真实项目引入实训室，通过淘宝开店流程和运营技巧、京东开店流程和运营技巧、店铺首页和详情页制作、
WISH开店流程和运营技巧、速卖通开店流程和运营技巧、跨境店铺创业孵化、内贸店铺创业孵化等实训项目的强化训练，实现工作
过程
和教学
过程
的无缝
对
接。
",,15,https://www.suet.edu.cn/info/1026/2595.htm
我校基础教学部的教学特色与优势, 发布时间: 2019-08-01,"
我校
基础教学部成立于
2004年，是
学
校最早成立的院（部）之一。
2015年1月，经过学校优化整合，与原外国语学院合并为现在的基础教学部，现有数学教研室、思政教研室、体育教研室、文史教研室、中职数理教研室（数学建模指导室）、就业指导教研室、大学英语教研室、中职英语教研室、专业英语教研室等9个教研室，
共承担我校
20余门公共基础课程的教学任务。
一、教学团队实力雄厚，教科研成绩硕果累累
基础教学部拥有一支敬业精神强、教学效果好、吃苦耐劳、团结协作、充满生机与活力的师资队伍，队伍成员
学科背景多样，
在
年龄、学历、
职称等各
方面
，
结构科学合理
。
在部门领导的正确领导下，经过十余年教学经验的积累，基础教学部各方面成绩斐然。荣获山东省教学成果三等奖
1项；山东省高校微课教学比赛二等奖1项；山东省教育科学研究优秀成果奖三等奖2项；
山东省大学生竞赛
“优秀组织工作奖”1项；
山东省高校思想政治教育工作先进集体
1项；山东省济南市团委“青年文明号”1项；校级精品课程6项；校级教学团队4项。
在完成教科研任务的同时，教师积极组织我校学生参加全国、全省各类大学生竞赛，多名教师获得优秀指导教师称号。
学生先后荣获各类
竞赛国家一等奖
2项、国家二等奖6项、山东省一等奖5项、二等奖19项、三等奖32项等。
2
015年，部门有6名教师入围学校特聘岗位，4名教师被评为学校“师德标兵”，8名教师被评为“教学能手”。在这些教科研骨干力量的带领下，部门科研氛围日趋浓厚，教师积极投身教改科研工作，近年来，部门教师主持省部级教科研课题8项，校级教科研课题32项，主参编教材12余部，发表论文90余篇（其中SCI收录2篇）。
二、专业建设日趋完善，教学资源设施优质丰富
基础教学部
强调以理念创新为核心，以素质培养为重点，以应用能力培养为主要内容
，
学生的潜能得到充分发挥，素质得到全面提高。
思政教研室
“思政党支部书记工作室”2019年被遴选为山东高校“双带头人”教师党支部书记工作室培育创建单位。从强化支部政治功能、提升思想政治工作质量、促进学校事业发展、抓好支部班子建设五个方面着手，坚持软件建设和硬件建设相结合，按计划、分步骤开展培育创建工作，积极探索培育符合高校实际、兼顾学科专业特点、可示范可推广的“双带头人”教师党支部书记工作体制机制，充分发挥教师党支部的战斗堡垒作用和党员的先锋模范作用。
硬件设施方面，我部拥有专用多媒体语音室
4个，良好的语言教学设备和环境为学生立体化地学好外语
创造了条件，
更为历届毕业生的顺利就业提供了有力保障。为提高我部毕业生就业率，我部充分利用就
业指导教研室的优势，
成立就业指导小组，开设就业指导课，提升学生的就业意识和就业能力。
大学物理实验中心
,主要面向全校理工科专业开设
”
大学物理实验
”
课程，该课程为我国高校独立设课的必修课程
,也是大学生进入高校最早接触,系统的理论与实践相结合的实验基础课。该课程重点培养学生的科学素质、实践动手能力和基本实验技能，为理工科专业学生奠定良好的实验基础。实验中心设有“大学物理实验室（1）”、“大学物理实验室（2）”、“大学物理仿真实验室”等三个实验室，拥有刚体转动惯量组合实验仪、螺线管磁场实验仪、“迈克尔逊干涉与激光波长的测量”等基本实验技能训练项目、综合性实验项目和设计性实验项目。实验中心还承担全校开放实验、学生课外科技活动等任务，指导大学生参
加
科技类竞赛，培育参赛项目。
大学生体质测试实验室，是我校的重要实验室之一，主要承担全校学生体质测试及相关数据上报的任务，身高体重指标测试仪、肺活量测试仪、台阶实验评定指数测试仪、握力测试仪、坐位体前屈测试仪、立定跳远测试仪、
50米跑测试仪，分别对学生的形体匀称度、肺活量、耐力、柔韧性和爆发力进行数据分析，每套测试系统既可以单台使用，又可连接成测试网络直接传输数据，支持全自动测量、语音提示、数据存储、多种模式选择，将无线网络传输技术、传感技术、电磁技术等应用于测量，并与教育部信息中心研发的《国家数据库上报工具》软件实现了端口对接。实验室贯彻《中共中央国务院关于深化教育改革全面推进素质的决定》提出的“学校教育要树立健康第一的指导思想，切实加强体育工作”的精神,执行《国家学生体质健康标准》，对学生进行体质健康测试，为掌握我校学生身体素质的相关数据提供了有力的保障，对增强学生身体素质，培养学生体质、体能检测意识和终生体育意识、加强体育锻炼具有重要意义，同时也可对体育教学提供更为科学、合理的改革建议，保障我校体育教学向着全面、健康发展。
基础教学部
始终坚持公共基础课与专业课
“两手都要抓，两手都要硬”的教改思路，十分注重公共基础课程资源的优化配置，例如
，
《大学英语》课程在部分学院试行分级教学，《形势与政策》课程实施了全校集体备课，《思政》课程引入实践教学环节，《就业指导》课程明确了逐步引导学生参加职业生涯规划大赛等以赛促教、以赛促学的教学思路，《体育》课程开设了健美操、体育舞蹈、跆拳道、足球等项目选修课，深受学生喜爱，逐步调动起了学生学习公共基础课的积极性。
三、加强师资队伍建设
, 适应新形势职业本科教育需要
本着
“深化教学改革，提高人才培养质量”的教学思想，基础教学部以基础教学为中心，理论教学与教学科研并进的教研模式，注重自身教学科研水平的提高，多位教师在省级和校级教学大赛中成绩突出，打造出一支“多元型、实用型”的教学团队，逐渐强化“理论与实践相结合、实践与应用相结合、应用与专业相结合”的教学思路。
为适应学校发展需要，
2019年，部门根据学校要求，相继出台一系列制度措施，根据实际工作需要，引进高层次人才，严控质量关。内培外引，破解人才瓶颈制约，扬长避短，优化师资结构，使学历结构和职称结构合理。如思政教研室全体教师积极参加山东省高校形式政策课教学负责人2019年暑假社会实践研修班、山东省教育厅2019年全省高校思
想
政治理论教师培训班等，全面提高教师素质和水平，把师资队伍建设放在长远发展的战略高度，积极制定人才工作规划和措施，通过国培、省培等多种途径，努力打造一支
“学习型”、“双师型”、“专家型”的名师队伍。
公共基础课面向全校学生开设，具有通识性，能使学生形成正确的
世界观、
人生
观、
价值观，培养良好的道德品质、意志品格，塑造健全人格，提高综合素质和核心竞争力，每一门公共课，都可以潜移默化的培养学生不同方面的素质和能力。各教研室充分运用多种信息化教学手段来创新教学模式，适应新形势下职业本、专科的教学要求。采取集体备课、说课、公开课、技能大赛等形式，从达成的教学目标、教学过程与方法、教学效果、教师基本功等方面加以量化评价，全面提升教师专业技能素质。在大赛中英语教师倪玲展示了她在英语教学中是怎样践行
“信息化教学进课堂”
的
，在课上充分利用了
“反转课堂”“微课”以及就业指导教师赵世磊“蓝墨云班课”等信息化教学手段，并向老师们展示了信息化教学进课堂的成果，
成
效显著。在教师观摩课中，体育教师刘璐幽默诙谐的语言、饱满的热情感染着篮球课堂的学生们
,学生精神饱满，练习积极，课堂气氛活跃，达到了“快乐课堂”的效果
。
教师也在经验交流中互相学习，经验分享，努力查找自身不足，
在
提高自身业务能力的基础上，运用多种信息化化教学手段来创新教学模式
，
适应新形势下职业院校的任教要求。
适时转变观念，更新理念，积极与教学单位、职能部门对接，共同探索多元化应用型人才培养模式，探索并推行综合管理手段和措施，构建多元化立体管理结构，使基础教学工作与专业课程、学生管理有机结合，形成整体合力，从而更好的达到人才培养目标，
对公共基础课的教学和管理进行创造性变革。加强基础课程与专业课程的对接，提高授课针对性，让学生知道为什么学、学什么、怎么去学。在公共基础课教学中培养学生的专业兴趣，稳定专业思想，帮助学生树立专业观念。基础课教师与专业教师之间构建紧密的教研联系，紧跟专业潮流，更好的进行综合知识储备。与学生管理部门紧密配合，双向管理，加强教与学，
“我的课堂我做主”，强调教师的主体地位的同时，必须要担当起与主体性相应的责任，勇于担当，敢于管理，以身作则，科学定位。
结合当前职业本科教学特点与基础教学部的实际情况
，我部
将尝试对接企业，积极探索基础课程双向、双通道培养模式，为专业培养目标服务，为专业课程的学习奠定基础
。
同一门课程，在不同专业中的需求是不一样的，所以，基础部积极探索多元化教学模式，以学生未来就业为目标，对不同专业学生订单式培养量身打造。
以素质教育为中心，紧抓教学常规，注重教学实效，在此前提下，团队建设尤为重要，基础教学部努力为实现学校培养
“能适应时代发展和社会需要的、德智体美全面发展的高层次技术技能人才”的目标，全面提升全体教师的教科研
水平
，以人才培养、科学研究、社会服务全面兼顾，注重知识的积累，促进教科研实力发展，充分调动科研积极性，营造良好学术氛围，团队建设从学术方向、学术水平、年龄结构等方面综合考虑，形成梯队，提升团队积极性和创造性。
在新的形势下，基础教学部面临着新的任务和挑战，我们将在学校党委、行政领导下，再接再励，共谋发展，努力做好本职工作，巩固成果，开拓创新，再创佳绩，为培养高层次技术技能人才做出新的贡献。
作者：
基础教学部

姬广博

编辑：
赵珣

编审：魏本江



",,15,https://www.suet.edu.cn/info/1026/2596.htm
山东工程职业技术大学特色专科专业介绍——鼎利（互联网+）学院工业机器人技术, 发布时间: 2019-08-02,"
1.
培养目标
本专业培养理想信念坚定，德、智、体、美、劳全面发展，具有良好的人文素养、职业道德和创新意识，精益求精的工匠精神，较强的就业能力和可持续发展的能力；掌握本专业知识和技术技能
，
能够从事工业机器人应用系统的设计、编程、调试、运行、维护、销售及技术服务等工作的高层次技术技能人才。
2.
主干课程
机械制图、电工电子技术基础、电机与电气控制、工业机器人应用认知、机械设计基础、
C 语言程序设计、单片机应用技术、工业机器人技术基础、工业机器人自动线安装与调试、机电一体化技术等。
3.
实训条件
工业机器人应用维护实训中心实训区配备有日本
FANUC工业机器人系统六套、华数工业机器人系统一套、智能仓储系统、工业级流水线及RFID数据读写控制系统、AGV智能仓储物流系统、美国BAXTER智能协作机器人系统一套，模拟编程区共有30个工位统一配备有惠普一体机，工业机器人离线编程与操作系统30套以及相应的CAD、C++等教学实训软件。同时可组成智能自动化生产线，引进真实生产项目，让学生在真实自动化生产线完成该专业核心实训项目，熟悉自动化工业机器人生产整个流程，服务工业机器人各层次需求。
4.就业前景
中国现已成为了全球较大的机器人市场，机器人及其智能装备发展创造了更多的工作机会，工业机器人及其智能装备的集成设计、编程操作以及日常维护、修理等方面都需要各方面的专业人才，
就业
前景非常广阔。


",,15,https://www.suet.edu.cn/info/1026/2594.htm
山东工程职业技术大学特色专科专业介绍——鼎利（互联网+）学院移动应用开发, 发布时间: 2019-08-05,"
1.
培养目标
本专业面向软件和信息技术服务业的计算机程序设计员、计算机软件测试员等职业群，
培养
能够从事
Android 开发、iOS 开发、PHP 开发、WEB 前端开发等工作的高素质技术技能人才。
2.
主干课程
HTML5基础、Java程序设计基础、数据库基础
、
Android应用开发基础、Android高级开发技术、Linux配置开发、C语言、计算机专业英语、计算机网络技术、数据结构、计算机操作系统、移动应用交互设计、数据库基础、软件工程、软件产品分析设计与运营
。
3.
实训条件
移动应用开发
实训中心
配置
有
50个标准化工位和一套安防设备，并配有现代化多媒体教学设备及音响，主要配置了移动互联网应用实训工作台、采用案例教学法，运用地图导航系统案例、门户网站案例、企业即时通讯案例、智能考勤案例等教学实训案例，保障了安卓高级开发、Java手机应用程序设计、Web应用开发技术、ASP.NET动态网站程序设计、
i
OS基础开发等专业核心课程的教学实训工作。
4.
优势特色
实训教学采用智翔教育研发的软件开发平台进行教学，极大提高了学生软件开发学习速度。该软件开发平台为现在软件开发公司大量采用的设备，保障了实训环境与企业软件开发公司的对接。教学过程企业全程参与，专业核心课程由企业安排具备丰富行业工作经验的企业工程师来担任。
",,16,https://www.suet.edu.cn/info/1026/2592.htm
山东工程职业技术大学特色专科专业介绍——工商管理学院工商企业管理, 发布时间: 2019-08-06,"
1
.

社会需求
在新形势下，现代企业发展急需具有专业知识的管理者。公司职位中质量检测员、物流业务员、市场调查员、统计分析员、销售人员、人力资源管理员、行政助理、基层班组长、中高层主管、经理及
CEO等人员需求巨大。据劳动部门统计，预计到2020年，我国中小企业数量将达到5000万，所需工商企业管理人员将达到1300万，而工商企业管理专业毕业生预计只有900万左右，缺口大，就业形势好。
2
.

培养目标
本专业培养适应社会市场经济需要，具有扎实市场经济理论基础和综合基本技能，能够熟练运用现代管理知识与方法，在企事业单位、经济管理部门从事经营管理、项目管理以及行政管理等方面工作的高素质
技术技能
人才。
3.
主干课程
现代企业管理、人力资源管理、企业经营管理、财务管理、质量管理、管理信息系统、企业物流管理等。
4.
培养特色
课证融合
。
将考取职业资格证的理论和技能知识分学期融入到专业课程教学计划中，学生学完本专业课程，可以考的相应职业资格证书
，
如企业管理咨询师、人力资源管理师、职业经理人、助理物流师、助理电子商务师等职业资格证书。
以赛促学
。
通过参加各类竞赛促进学习，获取重要的专业技能。竞赛主要有：
ERP手工沙盘竞赛、创业大赛、电子商务大赛、市场营销策划大赛等。
5
.

师资队伍
本专业有专兼职教师
26
人，硕士研究生及以上学历达
60%，双师型教师的比例达到
67
%。
6
.
实习实训条件
工商企业管理实验室目前现有惠普教学用机
60台，相关专业实验
软件
10余套。该实验室主要面向工商企业管理专业、市场营销专业、电子商务专业学生进行试验实训教学。
可支持试验实训项目包括：沙盘模拟实训、市场营销策划实训、网页设计与制作实训、程序设计实训、数据库系统设计与开发项目实训，同时可配合会计电算化实训室完成会计专业软件教学各项实习、实训环节。
7.
就业方向
工商管理专业学生毕业后，可以进入学校合作的大中型知名企业，从事质量检测、物流业务、国际货运代理、市场调查、统计分析、人力资源管理、行政助理、
基
层班组管理、中高层主管、经理等工作。
",,16,https://www.suet.edu.cn/info/1026/2591.htm
我校顺利完成2019年大学生征兵体检工作, 发布时间: 2019-08-07,"
8
月
6日,
我校
30余
名
大
学生参加
了
章丘
区
201
9
年
大学生
应征入伍体检
。此次体检地点选
在
章丘
区
老年体协，
体检项目主要包括内科、外科、口腔、眼科
和心理
等
多
项
检查
。
整个过程严谨、规范，严格按照程序进行，以保证为部队输送身体素质过硬的兵员
。
学校武装部
高度重视此次体检工作。体检之前周密安排，汇总学生信息、发布检前注意事项、多次与学生确认体检时间、地点等，确保每位参检学生能够按时参加，为此次征兵体检做好一切准备工作。
多名参检学生表示，为顺利通过体检，实现自己的军人梦，他们在一个学期前就已经加强身体锻炼，改善饮食、生活作息习惯，防止因身体原因与军营擦肩而过。
“201
8
年的时候我就是因为身体原因与梦想失之交臂，这次我一定不能再错过机会。
”
来自安徽阜阳的
小伙
龚高强
说。
来自机械工程学院的韩鑫表示：
“结果出来之前真的好紧张，希望自己能够通过这次体检，接受部队的挑选。”
作者：学生处

杨立超

编辑：赵珣

编审：汪少龙
",,16,https://www.suet.edu.cn/info/1026/2588.htm
山东工程职业技术大学特色专科专业介绍——工商管理学院市场营销, 发布时间: 2019-08-07,"
1.
培养目标
市场营销专业旨在培养德、智、体、美
、劳
全面发展，具有良好的职业道德、人文素养、实践能力和创新创业意识，掌握调研与策划、销售与管理、市场开发与维护等基本知识以及技术，具备市场分析、营销战略制定、营销活动策划与实施、谈判沟通、客户开拓与维护等能力，可胜任产品销售、业务推广、客户开发与维护、市场调研、渠道拓展、营销策划、广告策划、网络营销等方面工作，具有创新创业创意思维的高素质技术技能人才。
2.
专业特色
市场营销专业秉承
“教学做合一”理念，以“厚品德、尊个性、强基础、重实践”为方针，以学生为主体，以就业为导向，以能力为基础，以赛促学，以赛促教，狠抓学生职业能力和职业素养的培养和提升。本专业重视“产学研用”，深化校企合作，建立了多个校内实训基地和校外实践中心，同时重视实践教学师资
队伍
的建设，为
学生
实践能力培养打下坚实的基础。
3.
双证教育
学生
在校期间可以参
加
市场营销技能大赛、沙盘模拟大赛、市场策划大赛、广告创意大赛、网络营销大赛等实践性活动，培养将理论应用于实践的能力。并通过考试可以获得营销师、商务策划师、电子商务师、管理咨询师等证书。
4.
主干
课程
市场调查与分析
、
市场营销
、
广告理论与实务
、
营销策划
、
推销技术
、
谈判技巧
、
网络营销
、
新媒体营销
、
客户关系管理实务
、
消费心理学
、
公共关系
、
商务礼仪
、
市场分析技术实训
、
广告文案技术实训
、
营销
ERP沙盘实训
、
互联网
+营销技能实训
、
促销技术实训
、
营销实战综合实训
。
5.
就业方向
市场营销专业人才就业面向行业主要是工商、外贸、金融、保险、证券、旅游、房地产、医药、家电、家居、机械、银行、零售等企事业单位。就业的岗位主要是营销策划
、
广告策划
、
客户维护
、
渠道拓展
、
市场业务
、
销售推广
、
电子商务
、
门店管理
、
售后服务
、
管理咨询
、
公关宣传
、
市场调研
、
大数据分析
、
网络营销等
。
",,16,https://www.suet.edu.cn/info/1026/2589.htm
安徽扬子职业技术学院董事长陈强虎一行来我校考察调研, 发布时间: 2019-08-07,"
8
月
7
日上午，
安徽扬子职业技术
学院
董事长陈强虎、党委书记马健、院长徐建平
一行
3
人来我校考察调研。学校副校长李梅松等领导热情接待了
董事长陈强虎
一行。
来宾们在校领导的陪同下参观了
建筑工程学院
、汽车工程训练中心、机械工程训练中心、鼎利学院
、工商物流实训中心、甲骨文
IT云教育中心、E时代创客中心
等实验实训场所。随后，双方在卓越楼五楼第一会议室进行座谈交流，会议由副校长李梅松主持。
会上，双方就申本工作经验进行了交流。副校长李梅松指出，申本是一项系统工程，有利于推动学校总结办学经验、明确办学定位、凝练办学特色、更新办学理念、规范办学行为，进一步提升学校办学质量。从宏观层面上讲，申本工作应做到以下几项：一是科学规划、稳步施策，制定详细实施方案；二是明确建设标准，确保各项办学条件达标或超标；三是根据各阶段任务，抢抓时间节点，完成预定目标；四是强化督查督办、形成完善的质量管控体系。
陈强虎董事长
对我校的热情接待表示感谢，并希望今后两校进一步加强交流与协作，深耕职教，共谋发展
，
共同探索产教融合校企合作新路径
。
作者：党政办公室

刘姣

编辑：赵珣

编审：汪少龙
",,16,https://www.suet.edu.cn/info/1026/2590.htm
山东工程职业技术大学特色专科专业——建筑工程学院工程造价, 发布时间: 2019-08-08,"
1.培养目标
本专业主要培养德、智、体、美
、劳
全面发展，具有良好的职业素质、人文素养、实践能力和创新创业意识，掌握建筑工程定额与预算、概算、决算及工程量计算等基本知识及相关工程技术、实际操作技术，具备工程建设项目的可行性分析、投资估算、编制招标、投标文件和参与招投标活动、工程项目管理和施工现场组织与管理、编制与审核工程造价文件和控制造价、应用计算机进行工程造价确定、管理和控制等能力，可胜任投资估算、设计概算、施工与施工图预算、承包合同价、工程预算价、竣工结算、投标过程中的标底及投标报价制定与审查等方面工作，具有职业发展潜力的高
层次
技术技能人才。
2.专业概况
山东工程职业技术大学
建筑工程学院具有十余年的
建筑类专业
办学
经验
，先后开设了建筑工程技术、道路桥梁工程技术、工程造价和建设工程管理等专业。
其中，
工程造价、道路桥梁工程技术和建筑
工程
技术是
该校
“建筑类省级品牌专业群”
的专业
。
3.主干课程
建筑工程材料与检测、建筑工程制图与识图、建设法规、工程招投标与合同管理、混凝土结构识图与钢筋计算、工程估价、工程造价软件应用、建筑工程计量与计价、安装工程计量与计价、道路桥梁工程计量与计价等
课程
。
4.实训条件
校内建有建筑结构力学实验室、桥梁结构力学实验室、沥青检测实验室、混凝土检测实验室、集料检测实验室、土力学实验室、水泥性能实验室等
8个专业基础实验室；建有工程测量实训室、建筑工程识图实训室、建筑施工仿真实训室、PKPM工程造价与施工管理实训室、项目管理沙盘实训室、招投标模拟实训室、路检实训室8个专业实训室以及1个大型土木工程实训场。
在校外已经和三庆实业集团、中铁十四局、济南第四建设集团等
40余家企业建立了长期稳定的合作关系，建成了松散型、紧密型和就业型校外实习基地28处，今年又与山东万斯达集团合作创办装配式建筑技术实训基地，与北大青鸟集团合作创办建设建筑BIM实训基地。
5.师资队伍
现有专兼教师
26人，其中专任教师20人，正高职称专任教师3人，副高职称专任教师7人，副高以上职称占专任教师的50%；研究生学历教师10人，占专任教师的50%；“双师”型教师11人，占专任教师的55%；兼职教师6人，副高以上职称2人，占兼任教师的33%；研究生学历教师6人，占兼任教师的100%。
6.就业方向
工程造价专业具有较强的行业性，如建筑工程造价、铁道桥梁造价、房屋装饰造价等，
就业
面较广。主要从事工程造价招标代理、建设项目投融资和投资控制、工程造价确定与控制、投标报价决策、合同管理、工程预结算、工程成本分析、工程咨询、审计、工程监理等方面工作。

",,16,https://www.suet.edu.cn/info/1026/2586.htm
山东工程职业技术大学特色专科专业介绍——机械工程学院机电一体化技术, 发布时间: 2019-08-08,"
1.培养目标
本专业主要培养德、智、体、美、劳等全面发展，具有良好的职业素质、实践能力和创新创业意识，掌握制图、识图、读图、控制、工艺、设备知识以及设备操作控制维修技术，具备机电一体化设备的操作、维护、调试和维修，机电一体化设备加工的工艺设计和加工工艺能力，可胜任机电产品及设备的装配调试、维修服务、产品设计、质量检测、工艺操作等岗位工作，具有创新精神和创业能力的高层次技术技能型人才。
2.专业优势
本
专业是山东省高等职业学院特色专业，省财政拨款、企校共建工科专业。学制三年，文理兼收。该专业以
3D打印技术应用为特色，创新形成了三段式基于教、学、产、研、赛的教学模式。
现拥有山东省教学名师
1人、省级精品课程5门、市级资源共享课1门、省级教学成果一等奖1项、山东省高校机电一体化工程技术研发中心1个。该专业学生先后参加各项大赛，获国家挑战杯一等奖1项，学
校
被授予
“山东高等学校大学生创新实践基地”称号。
3.就业方向
学生毕业后可到装备制造、电子产品制造和信息产业等单位，从事装备制造业
、
家电生产和售后服务，
3D打印设备应用与维护，物业自动化管理系统，机电产品设计、生产、改造、技术支持，以及机电设备的安装、调试、维护、销售、经营管理等工作。
",,16,https://www.suet.edu.cn/info/1026/2587.htm
济南市教育局“不忘初心、牢记使命”主题教育调研活动在我校举行, 发布时间: 2019-08-09,"
8月8日下午，
济南市
教育局结合
“不忘初心，牢记使命”主题，
就
市属高校校企合作开展情况
来我校调研。市教育局局长、党组书记、市委教育工委常务副书记王品木，市教育局副局长、党组成员苏旭勇，市教育局职业与高等教育处处长李干三、副处长王志国，费斯托（中国）有限公司
济南分公司
、世纪鼎利集团、山东万斯达集团有限公司
等企业代表
以及来自市属
高校、
直属中职学校领导参加了此次调研活动
。
来宾们在
我校校长吴梦军，副校长张诚、王守光等领导
的陪同下参观了机械工程训练中心
和
鼎利学院
。在考察中，调研组成员对我校先进的实验实训设备及
校企共建教、学、产、研一体的人才培养模式
给予了
充分肯定
。
随后，
调研组
在卓越楼五楼第一会议室
召开了
全市高职院校深度推进校企合作工作调研座谈会，会议由苏旭勇副局长主持。
会上，费斯托（中国）有限公司
济南分公司职业培训主管李继堂
、
世纪
鼎利集团
华北区运营经理、
山东工程职业技术大学鼎利学院
产业
副院长
高贯祥
、山东万斯达集团有限公司
校企合作部总经理晋灵芝
、山东工程职业技术大学副校长张诚、莱芜职业技术学院
副院长邹翠兰作为代表
就深化产教融合、校企合作
作了汇报发言。
随
后，王品木同志
作
总结
讲话
，他指出：各职业院校通过校企合作这一支点，撬动职业教育改革与发展，成为产教融合的典范，各项工作取得了突破，主要体现在以下八点：一是加强顶层设计，强化政策保障；二是思想政治教育工作取得新成绩；三是高水平高职院校建设取得新突破；四是高水平专业群建设取得新进展；五是产教融合校企合作持续深化；六是教科研、
“双创”教育取得新成绩；七是实习实训基地建设取得新突破；八是对外合作交流取得新进展。
为深度推进校企合作
，
更好服务区域经济发展，他
提出了以下三点建议：一是深刻认识新时代新形势下职业教育所担负的重要职责及重要使命，明确性质定位；二是深刻认识扩招
百
万环境下职业教育的大变革，
即
从单一到多元的生源之变、刚性到弹性的教学之变、封闭到开放的管理之变；三是深度推进校企合作，实现高质量发展
。他指出要进一步
破解制约校企合作的体制机制障碍，激发校企合作的内生动力，实现学校、企业合作
“双赢”，
不断实践、探索、
建设
全
市职业教育制度创新高地，努力为全省、全国职业教育改革发展探索新路径、提供新样板。
此次调研活动也是市委教育工委理论学习第五协作组集中学习。与会人员通过深入学习，进一步认识到校企深度合作的重要意义，拓宽了思路、创新了理念、达成了共识，表示将为
全面推进
全市
职业教育高质量发展
，努力办好有品质、有温度的济南职业教育而不懈奋斗
。
作者：党政办公室

刘姣

编辑：赵珣

编审：汪少龙



",,16,https://www.suet.edu.cn/info/1026/2583.htm
山东工程职业技术大学特色专科专业介绍——建筑工程学院建筑工程技术, 发布时间: 2019-08-09,"
1.培养目标
要求学生掌握建筑工程等基本知识以及建筑施工等技术，具备工程管理等能力，可胜任土木建筑工程领域的施工和管理等方面工作，主要面向土木建筑工程领域的建筑施工、房地产开发、咨询等企业从事施工员、监理员等工作。
2.专业特色
本
专业是山东省教育厅评定的省级特色专业和
“建筑类省级品牌专业群”重点建设专业。该专业突出施工技术方向的特色人才培养，形成以建筑工程技术专业为龙头，工程造价、道路与桥梁工程技术为骨干的建筑工程专业群。2014年山东省教育厅财政投资700万元、三庆集团投资300万
元
共同建设省级品牌专业群。
3.师资队伍
目前，建术工程技术教学团队
共有专
兼职
教师
42人
，
其中专业带头人
1名、教授4人、副教授18人、高级工程师6人、讲师7人、工程师4人、助教3人；硕士以上学位占42.9%；“双师型”教师22人。其中一级
建造师
3人
，
一级结构
工程师
1人
，
一级消防工程师
1人。几年来，我院获得省级教学成果三等奖1项，省级教学团队1个，省级精品资源课1门，省级教学比赛二等奖3项，省级微课比赛三等奖2项，校级教学能手3人；完成和在研省级教科研课题11项，主编和参编出版教材15部，发表教科研论文40余篇，获得专利20项。
4.实训条件
校内建有水泥性能、建筑结构力学等
8个专业基础实验室；建有建筑工程技术仿真、工程测量、建筑识图等8个专业实训室以及1个大型土木工程实训场，为建筑工程技术专业的实践教学提供了良好条件。

",,16,https://www.suet.edu.cn/info/1026/2584.htm
山东工程职业技术大学特色专业介绍——信息工程与艺术设计学院计算机应用技术（大数据技术方向）, 发布时间: 2019-08-10,"
1.社会需求
随着移动互联网和智能终端的普及，信息技术与经济社会的交汇融合，引发了数据迅猛增长。新摩尔定律认为，人类有史以来的数据总量，每过
18个月就会翻一番。而海量的数据蕴含着巨大生产力和商机。预计2020年，我国大数据市场规模将超过8000亿元，有望成世界第一数据资源大国，专业人才需求巨大。
山东工程职业技术大学
与山东联科云计算股份有限公司签署了《大数据人才实训基地校企合作协议》、《专业共建合作协议》
,共
建
“山东省大数据工程师培养基地”和“大数据人才实训基地”。
2.主干课程
程序设计基础、离散数学、数据结构与算法、操作系统、
Linux程序设计、算法分析与设计、计算思维和数据科学、并行计算与分布式系统、多元化统计分析与R语言建模、机器学习与模式识别、数据仓库与数据挖掘等。
3.
师资
队伍
本专业
拥有
一支整体素质高、结构合理、业务过硬、具有创新精神的师资队伍，现有专任教师
21人，其中，教授5人，副教授10人，高级职称占教师总人数的71.43%，具有硕士学位的14人，占66.67%，具有双师素质的教师15人，占71.43%，兼职教师9人，占教师总数的30%。
4.
实训条件
本专业现有
软件实验室、网络实验室、计算机基础实验室、电工技术实验室、计算机中心
、数字多媒体实训室、移动应用开发实训中心和甲骨文
•凯文IT云教育中心等，设备总值3600余万，建筑面积4000余平米。
校企共建的校内人才培养基地
有
：国家工业和信息化部电子行业特有工种职业技能鉴定实训基地、全国工业和信息化人才培养综合服务平台认定评测中心（
ATC）、英特尔软件学院项目合作院校、“红帽软件（北京）公司”合作院校、济南同创唐朝信息科技有限公司现代学徒制校企合作单位、北京菜鸟在线教育科技有限公司移动互联网创新创业基地、济南知驭网络科技有限公司互联网+人才培养基地。
5.就业方向
大数据系统架构师、大数据系统分析师、
hadoop开发工程师、数据分析师、数据挖掘工程师、大数据可视化工程师。

",,17,https://www.suet.edu.cn/info/1026/2581.htm
山东工程职业技术大学特色专科专业——信息工程与艺术设计学院软件技术, 发布时间: 2019-08-10,"
1.
社会需求
未来
5-10年，我国信息化人才总需求量高达1800万
—
2000万人。至2025年，新一代信息技术产业人才缺口将达950万人，其中“软件开发”、“网络工程”等人才的缺口最为突出，嵌入式开发人才缺口每年超过40万人。
2.
培养目标
了解软件
技术
学科的前沿技术和软件行业的发展动态，经过系统化的软件
技术
基本训练，具有参与实际软件开发项目的经历，具备软件设计与开发、数据库管理与维护、网站设计与制作、软件销售与技术服务等能力；够胜任可胜任计算机编程或开发、软件调试及测试、软件销售及技术服务等方面工作，具有良好的职业素质和创新精神的高素质技术技能型人才。
3.
主干课程
面向对象程序设计、计算机网络技术、网页设计与制作、数据库原理与应用、
JAVA 程序设计、软件工程、项目管理、JAVA 技术高级应用、W eb 前端技术、软件测试等。
实训课程
：
面向对象程序设计实战、计算机网络技术实战、数据库原理与应用实战、
JAVA 程序设计实战、Android 开发基础实战、W eb 前端技术实战
。
4.
专业师资
本专业现有专任教师
21人
。
其中，教授
5人，副教授10人，高级职称占教师总人数的71.43%
；
具有硕士学位的
14人，占66.67%
；
“
双师
型
”
教师
15人，占71.43%
；
兼职教师
9人，占教师总数的30%。
5.
实验实训条件
本专业现有软件实验室、网络实验室、计算机基础实验室、电工技术实验室、计算机中心、数字多媒体实训室、移动应用开发实训中心和甲骨文
IT云教育中心等，设备总值3600余万，建筑面积4000余平米。
校企共建的校内人才培养基地：国家工业和信息化部电子行业特有工种职业技能鉴定实训基地、全国工业和信息化人才培养综合服务平台认定评测中心（
ATC）、英特尔软件学院项目合作院校、“红帽软件（北京）公司”合作院校、济南同创唐朝信息科技有限公司现代学徒制校企合作单位、北京菜鸟在线教育科技有限公司移动互联网创新创业基地、济南知驭网络科技有限公司互联网+人才培养基地，已经实现了从基本技能实训、综合技能实训、生产性实训、校中厂的综合多元实训技能培养层级，保证了学生在校内就可以实现企业级综合实战
教学。
",,17,https://www.suet.edu.cn/info/1026/2582.htm
山东工程职业技术大学特色专科专业介绍——信息工程与艺术设计学院美容美体艺术, 发布时间: 2019-08-12,"
1.
社会需求
根据《
2016-2020年中国美容行业现状分析与发展趋势研究报告
》
，
中国
""美容经济""正在成为继房地产、汽车、电子通信、旅游之后的中国居民""第五大消费热点""。高额利润、庞大市场和每年都有难以计数的美容新产品、高科技护理仪器、高科技瘦身设备等问世
，
为美容行业带来了巨大的商机。未来
5年
，
中国美容行业将保持
15
-
20%年增长率
，
在各行业中保持着较高的增长水平。美容业的迅速发展
，
急需大批高素质
技术
技能型专业人才。
2.
培养目标
美容美体专业依托强大的师资力量和完善的实验实训条件
，
通过三年的理论学习与实践训练
，
系统掌握美容美体相关理论知识和实践技能
，
较为熟练地运用常见的美容仪器设备、美容美体
项目
相关手法、针灸推拿、养生保健、膳食调理等美容保健技术
，
调护损美性疾病
；
擅长美容化妆、美容护理、形象设计等美容实用技术
；
能对求美者进行美容及养生保健教育
；
对各项美容
项目
进行技术咨询与指导
；
具备化妆品配制及研发的基本技术
；
具有一定的化妆用品市场策划与营销的能力
；
具有一定的美容企业经营与管理的能力
；
培养学生的审美能力和时尚敏感度
。
3.
主干课程
美学、
设计概论、色彩基础、色彩搭配、
美容局部解剖学
、
美容实用技术、
人物造型基础、造型构成设计、化妆基础、皮肤管理、美甲设计、面部皮肤护理、美体塑形、芳香疗法、
拔罐疗法、
创意装扮设计、彩妆设计、
个人形象设计
、中医美容学、化妆品营销、美容业经营管理等。
4.
就业方向
面向专科美容医院和大型医疗美容机构从事医疗美容美体技术操作、美容咨询
顾问、美容导师等工作
；
从事
美容化妆品
销售
、
研发等工作；面向
美容美体、营养保健、芳香疗法、
形象设计、
化妆设计等岗位群
；
也可以自己开设影楼、美容美甲店等。
",,17,https://www.suet.edu.cn/info/1026/2579.htm
山东工程职业技术大学校企合作建设优质的实践教学基地, 发布时间: 2019-08-12,"
近几年来，山东工程职业技术大学在加强师资队伍建设、探索工匠育人新模式的同时，积极探索校企合作建设实践教学基地的路径和模式，根据不同专业的教学要求，建设了一批优质的实践教学基地，为提高人才培养质量创造了良好条件。
一、确立目标，建设
优质的
实践教学基地
学校领导班子认为，加强实践教学基地建设，是由
职业教育的属性决定的，也是提高职业教育教学质量应具备的基础条件。职业教育的属性最主要的体现在
“职业性”上，它是以培养学生的职业能力为核心的
知识、技能、素质三位一体
的教育。在培养学生的职业能力过程中，
实践教学条件如何，建设水平如何，将直接影响着教学质量。
基于以上认识，学校领导班子高度重视实践教学基地建设，提出了根据专业特点，高标准、高质量地建设优质
实践教学基地的目标。近几年来，在学校的领导下，各院（部）和就业主管部门，
通过
“走出去”“请进来”校企合作等多种模式建设实践教学基地
。
二、积极探索，构建
“四级协同”校企联盟模式
为建立优质的实践教学基地，学校探索并逐步形成了
“四级协同”校企联盟，打造了互动、互助、互联的实践教学基地。
一级是以学校建设为主，请相关企业加盟。例如，学校与有关部门、企业合作，在学校建设的工程训练中心内建立了国家快速制造培训中心、国家数控培训中心、国家数字化技术培训基地、济南智能制造专项性公共实训中心等，由此提高了实践教学基地的建设水平。二级是校外中小型实训基地，由学校参股，企业支持。如，学校与上海大众合作共建
“汽车销售服务有限公司”就是学校汽车工程类专业学生的实训基地。三级是中大型实训实习基地，企业为主，学校参与。如，学校与中国重汽集团、海信集团、中铁十四局等80余家企业共建的校外实训实习基地。
四级是引企入校，由企业独资、校企共建生产性实习实训基地。如学校与世纪鼎利集团合作共建的
“鼎利学院”（互联网+学院），为培养移动通信、物联网、智能制造、移动应用开发、电子商务等新兴产业人才，
鼎利集团一期项目投入资金近
4000万元，合作共建了工业机器人应用维护中心等6个
实训中心
。
这种四级协同的校企联盟，根据不同层次的学生，不同阶段的教学，不同规格的人才需求，提供了丰富优质的实践教学平台，提升了教学质量。
三、建设成果：技术先进、功能齐全、教学效果好
学校建设的实践教学基地具有以下特点和作用：
1.实现实景化教学。
学校坚持按照实景化教学的标准建设实践教学基地，从而提高了学习效果。例如，学校
与三庆集团建立的土建实训中心，就是按照建筑结构和道桥结构的实景建设的，其中有房屋建筑综合体房实训区、墙及墙下条基实训区、桥梁施工综合体实训区、综合体房脚手架实训区、框架结构钢筋实训区等，这些实训区呈现了数百个结构点，工艺流程，融合了教材上的数千个知识点，学生可进行实操训练，让学生零距离接触施工现场学习技术技能，学生学习积极性高。
2.技术设备先进。
学校坚持按最先进的技术设备标准，建设实践教学基地。如鼎利学院建设
的工业机器人应用维护实训中心、移动通信平台运营维护实训中心、移动通信网络优化实训中心、移动应用开发实训中心、物联网应用开发实训中心、电子商务创新创业实训中心，就具有技术设备先进的特点，为培养先进制造业、战略新兴产业和现代服务业人才
提供了实践平台
。
3.具备多项功能。
为适应现代职业教育发展新的要求，学校提出在建设
实践教学基地时，应具备实训、科研、生产、培训等多项功能。如学校为机械工程学院建设的工程训练中心就是按照这个标准建设的。一是
实现了“四真四化”教学，即真实生产设备、真实工艺流程、真实企业环境、真实产品部件，实现了教学职场化、运行可视化、操作实景化、项目岗位化。二是在人才培养上，使专业课程群与就业岗位群对接，形成了教学过程与生产过程相结合的人才培养模式；三是成为师生科研的平台，自
2009年以来，该院师生已为企业行业科技研发了30多项科研成果，帮助他们解决了技术难题；四是具备了社会培训功能，
学院先后
为中国重汽开办7期数控技术培训班，培训职工500余人；举办3D打印技术培训班多期，培训职工370多人。目前，
工程实训中心已成为集教学、科研、生产、培训为一体的校中厂。
《
国家职业教育改革实施方案
》发布后，学校领导班子
又根据其精神，提出了
新的建设目标：
“继续坚持校企合作建设路径和模式，按照本科专业的建设标准，经过三到五年的努力，把学校实践教学基地
建设
成为
资源共享，集实践教学、社会培训、企业真实生产和社会技术服务
为
一体的高水平
实践教学
基地。
”目前，学校各学院（部）及有关部门，积极进行改造升级和新建工作，努力建设高水平的实践教学
基地
。
作者：魏本江

编辑：赵珣

编审：孟宪勇

",,17,https://www.suet.edu.cn/info/1026/2580.htm
山东工程职业技术大学实现“三个对接” 培养高层次技术技能人才, 发布时间: 2019-08-13,"
为了
让学生
真正
掌握
一技之长，赢得
“立身之本”
，毕业后
“好就业”“就好业”，
实现人生梦想，成就精彩人生，
多年来，山东
工程职业技术大学
围绕
“培养高层次技术技能人才”这一目标，形成了
“工程性，融合型”特色办学思路，确立了以工为主，工、管、艺
、
经多学科协调发展，立足济南、面向山东，主动服务区域（行业）经济社会发展
。学校
不断创新人才培养模式，实现
“三个对接”，即
专业设置与产业需求对接，课程内容与职业标准对接
，
教学过程与生产过程对接
。
学
校成立了由行业企业人员参加的教学工作委员会和专业建设委员会，建立专业设置调研论证机制和动态调整机制，确保专业设置与产业需求对接。目前，学校
设置了
4
2
个普通专科（高职）专业，涵盖工、管、艺
、
经等
4个学科门类。其中工科类专业29个，占比6
9
%。
学校
首批开设
了
“机械设计制造及其自动化”“智能制造工程”“
物联网工程
”“互联网金融”“软件工程”等10个本科专业。
学校以专业群对接区域产业群，形成了以数控技术为龙头的机械设计制造类、以电子信息工程技术为龙头的电子信息类、以汽车检测与维修技术为龙头的汽车类、以建筑工程技术为龙头的土建类、以电子商务为龙头的财经商贸类等专业群，其中机械设计制造类、电子信息类、汽车类专业群所含专业与山东省
“十大装备制造业”中新一代信息技术与装备、高档数控机床和机器人、汽车及零部件、工程机械等领域相匹配，具备明显的产业优势。
学校
着力推进教学质量工程建设，引入
CDIO工程教育理念
，
构建了教学过程与生产过程相结合的人才培养模式
，
引入行业企业人才的培养规格
,重视实务能力培养
。学校
实施
“四真四化”教学，即真实生产设备、真实工艺流程、真实企业环境、真实产品部件，实现了教学职场化、运行可视化、操作实景化、项目岗位化。
如与三庆实业集团开展深度合作，借助其建筑行业优势，在校内组建了土木工程实训中心及测量、识图、施工仿真、工程造价等实验室，依托中国建筑科学研究院
PKPM实验实训基地平台，真正实现了学生就近教学、就近实习、就近
就业，拓展了产教融合校企合作的广度和深度。
目前
学
校
建有大学物理、力学、电工电子等公共基础实验室和专业实验室
87
个，实验开出率
100%
；
建有机械工程、汽车工程、土木工程等
3大训练中心；建有博世汽车诊断实训中心、甲骨文·凯文IT云教育中心等，配置了机动车安全与环保检测、工业机器人、移动通讯及应用开发、数控机床故障诊断与维修等较为先进的大型教学仪器设备。形成了公共基础实验、专业基础实验、专业实验、综合实训、创新创业
“
五位一体
”
的实践教学体系，其中以增材制造技术、数控技术等为中心的实训系统在全省同类高校居于领先水平。
学
校大力推行产教融合，工学结合，双元育人，与行业企业同频共振，携手共育
“齐鲁工匠”。截至目前，已
与中国重汽集团、海信集团、海尔集团、中铁十四局、柳州重工集团等
80余家企业共建校外实习基地8
6
个
，
并
与合作企业在
招生就业、专业建设、课程开发、师资共享、管理制度等方面共商共建，
开展
专业服务订单定向定制式培养。
为了提升校企合作水平，实现产教深度融合，
2016年
11月
，学校与珠海世纪鼎利集团
合作
建立了鼎利学院（互联网
+学院），该院以移动通信、物联网、智能制造、移动应用开发、电子商务等产业作为核心发展方向，合作期限长达17年，双方互派管理人员、教师组建了学院理事会、院委会、教学管理机构和教师团队。
同时，学校将
企业文化深度融入育人全过程，将职业标准融入专业教育和就业教育，加强思政理论课教学，将践行社会主义核心价值观、弘扬具有时代特征的先进理念与敬业爱岗、吃苦耐劳、精益求精、勇于创新的
“工匠精神”相结合，并将“工匠精神”蕴含的职业理念和价值取向构建滋养于校园文化的有机教育体系中。
实现
“三个对接”，取得了显著效果，人才培养质量得到了充分保证。多年
来，学生总体就业率
始终保持在
95%
以上
。毕业生以综合素质过硬、专业技能扎实、实践能力强、发展后劲足受到用人单位的广泛好评和普遍欢迎。
近
5年
，该校学生参加全国全省各类竞赛共获奖
249
项，其中，国家一等奖
3项、二等奖1
0
项、三等奖
4项，省级一等奖
53
项、二等奖
7
9
项。
其中学生作品在
2016年“挑战杯一彩虹人生”全国职业学校创新创效创业大赛中荣获一等奖。2017年由学
校
3D打印专业学生参与拍摄的专题片《少年工匠》登上了中国教育电视台荧屏。
作者：汪少龙

编辑：赵珣

编审：魏本江
",,17,https://www.suet.edu.cn/info/1026/2578.htm
